Subject,Grade,Lesson,QR code name,Playlist ID,PlaylistTitle,Description,Short URL
Test,6,2,G6_L2_UTest_M5.png,umq9gbj1gb,3163534-uhd_3840_2160_30fps,Test descriptiop,http://localhost:3000/umq9gbj1gb
Test,5,2,G5_L2_UTest_M5.png,z1eumwj1nm,bg,Test descriptiop,http://localhost:3000/z1eumwj1nm
Test,5,3,G5_L3_UTest_M3.png,aodndpj09j,teacher_resources,Test descriptiop,http://localhost:3000/aodndpj09j
Test,5,3,G5_L3_UTest_M2.png,kgeyu4j0h9,pacing_guide,Test descriptiop,http://localhost:3000/kgeyu4j0h9
Test,7,42,G7_L42_UTest_M2.png,irzovbj0mt,teacher_dashboard,Test descriptiop,http://localhost:3000/irzovbj0mt
Test,6,1,G6_L1_UTest_M2.png,ituffaj0o8,Firefly A cinematic 2D animation in 16-9 aspect ratio. The screen starts completely black. Gradually,Test descriptiop,http://localhost:3000/ituffaj0o8
Test,7,1,G7_L1_UTest_M23.png,ficlicj0pp,Untitled design,Test descriptiop,http://localhost:3000/ficlicj0pp
Test,6,1,G6_L1_UTest_M3.png,hbppzyj0wa,G10,Test descriptiop,http://localhost:3000/hbppzyj0wa
Test,5,2,G5_L2_UTest_M4.png,uxfreij0xv,14487142_640_360_60fps,Test descriptiop,http://localhost:3000/uxfreij0xv
Test,3,1,G3_L1_UTest_M2.png,mjimbbizwo,final_video,Test descriptiop,http://localhost:3000/mjimbbizwo
Tes,4,2,G4_L2_UTes_M3.png,ebituwj05t,assignment creation and rubirics,Test descriptiop,http://localhost:3000/ebituwj05t
Test,1,2,G1_L2_UTest_M3.png,pttusliygk,Elementry,Test descriptiop,http://localhost:3000/pttusliygk
Test,2,2,G2_L2_UTest_M1.png,nd9diuiyj7,Recording 2025-11-17 131209,Test descriptiop,http://localhost:3000/nd9diuiyj7
Test,1,1,G1_L1_UTest_M1.png,p7coszdui3,Recording20250610165638_master - Copy,1,http://localhost:3000/p7coszdui3