"FileName","FullPath","RelativePath","Level1","Level2","Level3","Level4","Level5","Level6","Level7","Level8","Level9","Level10"
"G10 U1 L1.mp4","Z:\Standard ICT\Digital Assets\Grade 10\U1\L1\Publish\G10 U1 L1.mp4","Grade 10\U1\L1\Publish\G10 U1 L1.mp4","Grade 10","U1","L1","Publish",,,,,,
"ICT_G10_U1_L2.mp4","Z:\Standard ICT\Digital Assets\Grade 10\U1\L2\Published\ICT_G10_U1_L2.mp4","Grade 10\U1\L2\Published\ICT_G10_U1_L2.mp4","Grade 10","U1","L2","Published",,,,,,
"G10_U1_L3.mp4","Z:\Standard ICT\Digital Assets\Grade 10\U1\L3\Publish\G10_U1_L3.mp4","Grade 10\U1\L3\Publish\G10_U1_L3.mp4","Grade 10","U1","L3","Publish",,,,,,
"ICT_G10_U1_L4_v1.0.mp4","Z:\Standard ICT\Digital Assets\Grade 10\U1\L4\Published\ICT_G10_U1_L4_v1.0.mp4","Grade 10\U1\L4\Published\ICT_G10_U1_L4_v1.0.mp4","Grade 10","U1","L4","Published",,,,,,
"G10 U1 L5.mp4","Z:\Standard ICT\Digital Assets\Grade 10\U1\L5\Publish\G10 U1 L5.mp4","Grade 10\U1\L5\Publish\G10 U1 L5.mp4","Grade 10","U1","L5","Publish",,,,,,
"ICT_G10_U1_L6_v1.0.mp4","Z:\Standard ICT\Digital Assets\Grade 10\U1\L6\Published\ICT_G10_U1_L6_v1.0.mp4","Grade 10\U1\L6\Published\ICT_G10_U1_L6_v1.0.mp4","Grade 10","U1","L6","Published",,,,,,
"G10_U2_L1.mp4","Z:\Standard ICT\Digital Assets\Grade 10\Unit 2\L1\Publish\G10_U2_L1.mp4","Grade 10\Unit 2\L1\Publish\G10_U2_L1.mp4","Grade 10","Unit 2","L1","Publish",,,,,,
"ICT_G10_U1_L2.mp4","Z:\Standard ICT\Digital Assets\Grade 10\Unit 2\L2\Published\ICT_G10_U1_L2.mp4","Grade 10\Unit 2\L2\Published\ICT_G10_U1_L2.mp4","Grade 10","Unit 2","L2","Published",,,,,,
"G10 U2 L3.mp4","Z:\Standard ICT\Digital Assets\Grade 10\Unit 2\L3\Publish\G10 U2 L3.mp4","Grade 10\Unit 2\L3\Publish\G10 U2 L3.mp4","Grade 10","Unit 2","L3","Publish",,,,,,
"G10_U2_L4_1.mp4","Z:\Standard ICT\Digital Assets\Grade 10\Unit 2\L4\Publish\G10_U2_L4_1.mp4","Grade 10\Unit 2\L4\Publish\G10_U2_L4_1.mp4","Grade 10","Unit 2","L4","Publish",,,,,,
"G10_U2_L4_2.mp4","Z:\Standard ICT\Digital Assets\Grade 10\Unit 2\L4\Publish\G10_U2_L4_2.mp4","Grade 10\Unit 2\L4\Publish\G10_U2_L4_2.mp4","Grade 10","Unit 2","L4","Publish",,,,,,
"ICT G10 U2 L5.mp4","Z:\Standard ICT\Digital Assets\Grade 10\Unit 2\L5\Publish\ICT G10 U2 L5.mp4","Grade 10\Unit 2\L5\Publish\ICT G10 U2 L5.mp4","Grade 10","Unit 2","L5","Publish",,,,,,
"G10_U2_L6.mp4","Z:\Standard ICT\Digital Assets\Grade 10\Unit 2\L6\Publish\G10_U2_L6.mp4","Grade 10\Unit 2\L6\Publish\G10_U2_L6.mp4","Grade 10","Unit 2","L6","Publish",,,,,,
"G10 U2 L7.mp4","Z:\Standard ICT\Digital Assets\Grade 10\Unit 2\L7\Publish\G10 U2 L7.mp4","Grade 10\Unit 2\L7\Publish\G10 U2 L7.mp4","Grade 10","Unit 2","L7","Publish",,,,,,
"G10_U3_L1.mp4","Z:\Standard ICT\Digital Assets\Grade 10\Unit 3\L1\Publish\G10_U3_L1.mp4","Grade 10\Unit 3\L1\Publish\G10_U3_L1.mp4","Grade 10","Unit 3","L1","Publish",,,,,,
"G10 U3 L2.mp4","Z:\Standard ICT\Digital Assets\Grade 10\Unit 3\L2\Publish\G10 U3 L2.mp4","Grade 10\Unit 3\L2\Publish\G10 U3 L2.mp4","Grade 10","Unit 3","L2","Publish",,,,,,
"G10 U3 L3.mp4","Z:\Standard ICT\Digital Assets\Grade 10\Unit 3\L3\Publish\G10 U3 L3.mp4","Grade 10\Unit 3\L3\Publish\G10 U3 L3.mp4","Grade 10","Unit 3","L3","Publish",,,,,,
"G10_U3_L4.mp4","Z:\Standard ICT\Digital Assets\Grade 10\Unit 3\L4\Publish\G10_U3_L4.mp4","Grade 10\Unit 3\L4\Publish\G10_U3_L4.mp4","Grade 10","Unit 3","L4","Publish",,,,,,
"G10 U3 L5.mp4","Z:\Standard ICT\Digital Assets\Grade 10\Unit 3\L5\Publish\G10 U3 L5.mp4","Grade 10\Unit 3\L5\Publish\G10 U3 L5.mp4","Grade 10","Unit 3","L5","Publish",,,,,,
"G10_U3_L6.mp4","Z:\Standard ICT\Digital Assets\Grade 10\Unit 3\L6\Publish\G10_U3_L6.mp4","Grade 10\Unit 3\L6\Publish\G10_U3_L6.mp4","Grade 10","Unit 3","L6","Publish",,,,,,
"G10 U3 L7.mp4","Z:\Standard ICT\Digital Assets\Grade 10\Unit 3\L7\Publish\G10 U3 L7.mp4","Grade 10\Unit 3\L7\Publish\G10 U3 L7.mp4","Grade 10","Unit 3","L7","Publish",,,,,,
"G10_U4_L1.mp4","Z:\Standard ICT\Digital Assets\Grade 10\Unit 4\L1\Publish\G10_U4_L1.mp4","Grade 10\Unit 4\L1\Publish\G10_U4_L1.mp4","Grade 10","Unit 4","L1","Publish",,,,,,
"G10_U4_L1_1.mp4","Z:\Standard ICT\Digital Assets\Grade 10\Unit 4\L1\Publish\G10_U4_L1_1.mp4","Grade 10\Unit 4\L1\Publish\G10_U4_L1_1.mp4","Grade 10","Unit 4","L1","Publish",,,,,,
"G10 U4 L2.mp4","Z:\Standard ICT\Digital Assets\Grade 10\Unit 4\L2\Publish\G10 U4 L2.mp4","Grade 10\Unit 4\L2\Publish\G10 U4 L2.mp4","Grade 10","Unit 4","L2","Publish",,,,,,
"G10_U4_L3.mp4","Z:\Standard ICT\Digital Assets\Grade 10\Unit 4\L3\Publish\G10_U4_L3.mp4","Grade 10\Unit 4\L3\Publish\G10_U4_L3.mp4","Grade 10","Unit 4","L3","Publish",,,,,,
"G10 U4 L4.mp4","Z:\Standard ICT\Digital Assets\Grade 10\Unit 4\L4\Publish\G10 U4 L4.mp4","Grade 10\Unit 4\L4\Publish\G10 U4 L4.mp4","Grade 10","Unit 4","L4","Publish",,,,,,
"G10_U4_L5.mp4","Z:\Standard ICT\Digital Assets\Grade 10\Unit 4\L5\Publish\G10_U4_L5.mp4","Grade 10\Unit 4\L5\Publish\G10_U4_L5.mp4","Grade 10","Unit 4","L5","Publish",,,,,,
"G10_U4_L6.mp4","Z:\Standard ICT\Digital Assets\Grade 10\Unit 4\L6\Publish\G10_U4_L6.mp4","Grade 10\Unit 4\L6\Publish\G10_U4_L6.mp4","Grade 10","Unit 4","L6","Publish",,,,,,
"G10_U4_L6_1.mp4","Z:\Standard ICT\Digital Assets\Grade 10\Unit 4\L6\Publish\G10_U4_L6_1.mp4","Grade 10\Unit 4\L6\Publish\G10_U4_L6_1.mp4","Grade 10","Unit 4","L6","Publish",,,,,,
"G10 U5 L1.mp4","Z:\Standard ICT\Digital Assets\Grade 10\Unit 5\L1\Publish\G10 U5 L1.mp4","Grade 10\Unit 5\L1\Publish\G10 U5 L1.mp4","Grade 10","Unit 5","L1","Publish",,,,,,
"G10_U5_L2.mp4","Z:\Standard ICT\Digital Assets\Grade 10\Unit 5\L2\Publish\G10_U5_L2.mp4","Grade 10\Unit 5\L2\Publish\G10_U5_L2.mp4","Grade 10","Unit 5","L2","Publish",,,,,,
"G10_U5_L2_1.mp4","Z:\Standard ICT\Digital Assets\Grade 10\Unit 5\L2\Publish\G10_U5_L2_1.mp4","Grade 10\Unit 5\L2\Publish\G10_U5_L2_1.mp4","Grade 10","Unit 5","L2","Publish",,,,,,
"G10 U5 L3.mp4","Z:\Standard ICT\Digital Assets\Grade 10\Unit 5\L3\Publish\G10 U5 L3.mp4","Grade 10\Unit 5\L3\Publish\G10 U5 L3.mp4","Grade 10","Unit 5","L3","Publish",,,,,,
"G10_U5_L4.mp4","Z:\Standard ICT\Digital Assets\Grade 10\Unit 5\L4\Publish\G10_U5_L4.mp4","Grade 10\Unit 5\L4\Publish\G10_U5_L4.mp4","Grade 10","Unit 5","L4","Publish",,,,,,
"G10_U5_L5_SB.1.0.mp4","Z:\Standard ICT\Digital Assets\Grade 10\Unit 5\L5\Data Manipulation Language\Publish\G10_U5_L5_SB.1.0.mp4","Grade 10\Unit 5\L5\Data Manipulation Language\Publish\G10_U5_L5_SB.1.0.mp4","Grade 10","Unit 5","L5","Data Manipulation Language","Publish",,,,,
"G10_U5_L5_SB.1.1.mp4","Z:\Standard ICT\Digital Assets\Grade 10\Unit 5\L5\Data Manipulation Language\Publish\G10_U5_L5_SB.1.1.mp4","Grade 10\Unit 5\L5\Data Manipulation Language\Publish\G10_U5_L5_SB.1.1.mp4","Grade 10","Unit 5","L5","Data Manipulation Language","Publish",,,,,
"G10_U5_L5_SB.1.2.mp4","Z:\Standard ICT\Digital Assets\Grade 10\Unit 5\L5\Data Manipulation Language\Publish\G10_U5_L5_SB.1.2.mp4","Grade 10\Unit 5\L5\Data Manipulation Language\Publish\G10_U5_L5_SB.1.2.mp4","Grade 10","Unit 5","L5","Data Manipulation Language","Publish",,,,,
"ICT_G10_U5_L6_SB_1.0.mp4","Z:\Standard ICT\Digital Assets\Grade 10\Unit 5\L6\Querying Data\Publish\ICT_G10_U5_L6_SB_1.0.mp4","Grade 10\Unit 5\L6\Querying Data\Publish\ICT_G10_U5_L6_SB_1.0.mp4","Grade 10","Unit 5","L6","Querying Data","Publish",,,,,
"ICT_G10_U5_L6_SB_1.1.mp4","Z:\Standard ICT\Digital Assets\Grade 10\Unit 5\L6\Querying Data\Publish\ICT_G10_U5_L6_SB_1.1.mp4","Grade 10\Unit 5\L6\Querying Data\Publish\ICT_G10_U5_L6_SB_1.1.mp4","Grade 10","Unit 5","L6","Querying Data","Publish",,,,,
"G10 U5 L7.mp4","Z:\Standard ICT\Digital Assets\Grade 10\Unit 5\L7\Publish\G10 U5 L7.mp4","Grade 10\Unit 5\L7\Publish\G10 U5 L7.mp4","Grade 10","Unit 5","L7","Publish",,,,,,
"G10 U5 L1 v2.mp4","Z:\Standard ICT\Digital Assets\Grade 11\U5\L1\Publish\G10 U5 L1 v2.mp4","Grade 11\U5\L1\Publish\G10 U5 L1 v2.mp4","Grade 11","U5","L1","Publish",,,,,,
"G10 U5 L2.mp4","Z:\Standard ICT\Digital Assets\Grade 11\U5\L2\Publish\G10 U5 L2.mp4","Grade 11\U5\L2\Publish\G10 U5 L2.mp4","Grade 11","U5","L2","Publish",,,,,,
"G10 U5 L3.mp4","Z:\Standard ICT\Digital Assets\Grade 11\U5\L3\Publish\G10 U5 L3.mp4","Grade 11\U5\L3\Publish\G10 U5 L3.mp4","Grade 11","U5","L3","Publish",,,,,,
"G10 U5 L4.mp4","Z:\Standard ICT\Digital Assets\Grade 11\U5\L4\Publish\G10 U5 L4.mp4","Grade 11\U5\L4\Publish\G10 U5 L4.mp4","Grade 11","U5","L4","Publish",,,,,,
"G10 U5 L5.mp4","Z:\Standard ICT\Digital Assets\Grade 11\U5\L5\Publish\G10 U5 L5.mp4","Grade 11\U5\L5\Publish\G10 U5 L5.mp4","Grade 11","U5","L5","Publish",,,,,,
"G10 U5 L6.mp4","Z:\Standard ICT\Digital Assets\Grade 11\U5\L6\Publish\G10 U5 L6.mp4","Grade 11\U5\L6\Publish\G10 U5 L6.mp4","Grade 11","U5","L6","Publish",,,,,,
"G11_U1_L1.mp4","Z:\Standard ICT\Digital Assets\Grade 11\Unit 1\L1\Publish\G11_U1_L1.mp4","Grade 11\Unit 1\L1\Publish\G11_U1_L1.mp4","Grade 11","Unit 1","L1","Publish",,,,,,
"G11_U1_L1_1.mp4","Z:\Standard ICT\Digital Assets\Grade 11\Unit 1\L1\Publish\G11_U1_L1_1.mp4","Grade 11\Unit 1\L1\Publish\G11_U1_L1_1.mp4","Grade 11","Unit 1","L1","Publish",,,,,,
"G11_U1_L2.mp4","Z:\Standard ICT\Digital Assets\Grade 11\Unit 1\L2\Publish\G11_U1_L2.mp4","Grade 11\Unit 1\L2\Publish\G11_U1_L2.mp4","Grade 11","Unit 1","L2","Publish",,,,,,
"G11_U1_L2_1.mp4","Z:\Standard ICT\Digital Assets\Grade 11\Unit 1\L2\Publish\G11_U1_L2_1.mp4","Grade 11\Unit 1\L2\Publish\G11_U1_L2_1.mp4","Grade 11","Unit 1","L2","Publish",,,,,,
"G11_U1_L3.mp4","Z:\Standard ICT\Digital Assets\Grade 11\Unit 1\L3\Publish\G11_U1_L3.mp4","Grade 11\Unit 1\L3\Publish\G11_U1_L3.mp4","Grade 11","Unit 1","L3","Publish",,,,,,
"G11_U1_L4_1.mp4","Z:\Standard ICT\Digital Assets\Grade 11\Unit 1\L4\Publish\G11_U1_L4_1.mp4","Grade 11\Unit 1\L4\Publish\G11_U1_L4_1.mp4","Grade 11","Unit 1","L4","Publish",,,,,,
"G11_U1_L5.mp4","Z:\Standard ICT\Digital Assets\Grade 11\Unit 1\L5\Publish\G11_U1_L5.mp4","Grade 11\Unit 1\L5\Publish\G11_U1_L5.mp4","Grade 11","Unit 1","L5","Publish",,,,,,
"G11_U1_L5_1.mp4","Z:\Standard ICT\Digital Assets\Grade 11\Unit 1\L5\Publish\G11_U1_L5_1.mp4","Grade 11\Unit 1\L5\Publish\G11_U1_L5_1.mp4","Grade 11","Unit 1","L5","Publish",,,,,,
"G11_U1_L5_2.mp4","Z:\Standard ICT\Digital Assets\Grade 11\Unit 1\L5\Publish\G11_U1_L5_2.mp4","Grade 11\Unit 1\L5\Publish\G11_U1_L5_2.mp4","Grade 11","Unit 1","L5","Publish",,,,,,
"G11_U1_L6.mp4","Z:\Standard ICT\Digital Assets\Grade 11\Unit 1\L6\Publish\G11_U1_L6.mp4","Grade 11\Unit 1\L6\Publish\G11_U1_L6.mp4","Grade 11","Unit 1","L6","Publish",,,,,,
"G11_U1_L6_1.mp4","Z:\Standard ICT\Digital Assets\Grade 11\Unit 1\L6\Publish\G11_U1_L6_1.mp4","Grade 11\Unit 1\L6\Publish\G11_U1_L6_1.mp4","Grade 11","Unit 1","L6","Publish",,,,,,
"ICT_G11_U2_L2_sb_v1.0.mp4","Z:\Standard ICT\Digital Assets\Grade 11\Unit 2\Published\ICT_G11_U2_L2_sb_v1.0.mp4","Grade 11\Unit 2\Published\ICT_G11_U2_L2_sb_v1.0.mp4","Grade 11","Unit 2","Published",,,,,,,
"G11_U2_L1.mp4","Z:\Standard ICT\Digital Assets\Grade 11\Unit 2\L1\Publish\G11_U2_L1.mp4","Grade 11\Unit 2\L1\Publish\G11_U2_L1.mp4","Grade 11","Unit 2","L1","Publish",,,,,,
"ICT_G11_U3_L1_SB_1.0.mp4","Z:\Standard ICT\Digital Assets\Grade 11\Unit 3\L1\Review of SQL Basics\Publish\ICT_G11_U3_L1_SB_1.0.mp4","Grade 11\Unit 3\L1\Review of SQL Basics\Publish\ICT_G11_U3_L1_SB_1.0.mp4","Grade 11","Unit 3","L1","Review of SQL Basics","Publish",,,,,
"ICT_G11_U3_L1_SB_1.1.mp4","Z:\Standard ICT\Digital Assets\Grade 11\Unit 3\L1\Review of SQL Basics\Publish\ICT_G11_U3_L1_SB_1.1.mp4","Grade 11\Unit 3\L1\Review of SQL Basics\Publish\ICT_G11_U3_L1_SB_1.1.mp4","Grade 11","Unit 3","L1","Review of SQL Basics","Publish",,,,,
"ICT_G11_U3_L2_SB_1.0.mp4","Z:\Standard ICT\Digital Assets\Grade 11\Unit 3\L2\Advanced SQL Joins\Publish\ICT_G11_U3_L2_SB_1.0.mp4","Grade 11\Unit 3\L2\Advanced SQL Joins\Publish\ICT_G11_U3_L2_SB_1.0.mp4","Grade 11","Unit 3","L2","Advanced SQL Joins","Publish",,,,,
"ICT_G11_U3_L3_SB_1.0.mp4","Z:\Standard ICT\Digital Assets\Grade 11\Unit 3\L3\Subqueries and Nested Queries\Publish\ICT_G11_U3_L3_SB_1.0.mp4","Grade 11\Unit 3\L3\Subqueries and Nested Queries\Publish\ICT_G11_U3_L3_SB_1.0.mp4","Grade 11","Unit 3","L3","Subqueries and Nested Queries","Publish",,,,,
"ICT_G11_U3_L3_SB_1.1.mp4","Z:\Standard ICT\Digital Assets\Grade 11\Unit 3\L3\Subqueries and Nested Queries\Publish\ICT_G11_U3_L3_SB_1.1.mp4","Grade 11\Unit 3\L3\Subqueries and Nested Queries\Publish\ICT_G11_U3_L3_SB_1.1.mp4","Grade 11","Unit 3","L3","Subqueries and Nested Queries","Publish",,,,,
"ICT_G11_U3_L4_SB_1.0.mp4","Z:\Standard ICT\Digital Assets\Grade 11\Unit 3\L4\Publish\ICT_G11_U3_L4_SB_1.0.mp4","Grade 11\Unit 3\L4\Publish\ICT_G11_U3_L4_SB_1.0.mp4","Grade 11","Unit 3","L4","Publish",,,,,,
"ICT_G11_U3_L5_sb_v1.0.mp4","Z:\Standard ICT\Digital Assets\Grade 11\Unit 3\L5\Published\ICT_G11_U3_L5_sb_v1.0.mp4","Grade 11\Unit 3\L5\Published\ICT_G11_U3_L5_sb_v1.0.mp4","Grade 11","Unit 3","L5","Published",,,,,,
"ICT_G11_U3_L6_V1_RS_v1.0.mp4","Z:\Standard ICT\Digital Assets\Grade 11\Unit 3\L6\V1\Published\ICT_G11_U3_L6_V1_RS_v1.0.mp4","Grade 11\Unit 3\L6\V1\Published\ICT_G11_U3_L6_V1_RS_v1.0.mp4","Grade 11","Unit 3","L6","V1","Published",,,,,
"ICT_G11_U3_L6_V2_RS_v1.0.mp4","Z:\Standard ICT\Digital Assets\Grade 11\Unit 3\L6\V2\Published\ICT_G11_U3_L6_V2_RS_v1.0.mp4","Grade 11\Unit 3\L6\V2\Published\ICT_G11_U3_L6_V2_RS_v1.0.mp4","Grade 11","Unit 3","L6","V2","Published",,,,,
"G11_U4_L1_1.mp4","Z:\Standard ICT\Digital Assets\Grade 11\Unit 4\L1\Publish\G11_U4_L1_1.mp4","Grade 11\Unit 4\L1\Publish\G11_U4_L1_1.mp4","Grade 11","Unit 4","L1","Publish",,,,,,
"G11_U4_L1_2.mp4","Z:\Standard ICT\Digital Assets\Grade 11\Unit 4\L1\Publish\G11_U4_L1_2.mp4","Grade 11\Unit 4\L1\Publish\G11_U4_L1_2.mp4","Grade 11","Unit 4","L1","Publish",,,,,,
"FULL COMP.mp4","Z:\Standard ICT\Digital Assets\Grade 11\Unit 4\L2\Publish\FULL COMP.mp4","Grade 11\Unit 4\L2\Publish\FULL COMP.mp4","Grade 11","Unit 4","L2","Publish",,,,,,
"FULL COMP_1.mp4","Z:\Standard ICT\Digital Assets\Grade 11\Unit 4\L2\Publish\FULL COMP_1.mp4","Grade 11\Unit 4\L2\Publish\FULL COMP_1.mp4","Grade 11","Unit 4","L2","Publish",,,,,,
"G11_U4_L2.mp4","Z:\Standard ICT\Digital Assets\Grade 11\Unit 4\L2\Publish\G11_U4_L2.mp4","Grade 11\Unit 4\L2\Publish\G11_U4_L2.mp4","Grade 11","Unit 4","L2","Publish",,,,,,
"ICT G10 U4 L2.mp4","Z:\Standard ICT\Digital Assets\Grade 11\Unit 4\L3\L3\Publish\ICT G10 U4 L2.mp4","Grade 11\Unit 4\L3\L3\Publish\ICT G10 U4 L2.mp4","Grade 11","Unit 4","L3","L3","Publish",,,,,
"ICT_G11_U4_L4_sb_v1.0.mp4","Z:\Standard ICT\Digital Assets\Grade 11\Unit 4\L4\Published\ICT_G11_U4_L4_sb_v1.0.mp4","Grade 11\Unit 4\L4\Published\ICT_G11_U4_L4_sb_v1.0.mp4","Grade 11","Unit 4","L4","Published",,,,,,
"ICT G11 U4 L5.mp4","Z:\Standard ICT\Digital Assets\Grade 11\Unit 4\L5\L5\Publish\ICT G11 U4 L5.mp4","Grade 11\Unit 4\L5\L5\Publish\ICT G11 U4 L5.mp4","Grade 11","Unit 4","L5","L5","Publish",,,,,
"ICT_G11_U4_L6_sb_v1.0.mp4","Z:\Standard ICT\Digital Assets\Grade 11\Unit 4\L6\Published\ICT_G11_U4_L6_sb_v1.0.mp4","Grade 11\Unit 4\L6\Published\ICT_G11_U4_L6_sb_v1.0.mp4","Grade 11","Unit 4","L6","Published",,,,,,
"G12_U1_L2.mp4","Z:\Standard ICT\Digital Assets\Grade 12\Unit 1\L 2\Publish\G12_U1_L2.mp4","Grade 12\Unit 1\L 2\Publish\G12_U1_L2.mp4","Grade 12","Unit 1","L 2","Publish",,,,,,
"G12_U1_L1.mp4","Z:\Standard ICT\Digital Assets\Grade 12\Unit 1\L1\Publish\G12_U1_L1.mp4","Grade 12\Unit 1\L1\Publish\G12_U1_L1.mp4","Grade 12","Unit 1","L1","Publish",,,,,,
"G12_U1_L1_1.mp4","Z:\Standard ICT\Digital Assets\Grade 12\Unit 1\L1\Publish\G12_U1_L1_1.mp4","Grade 12\Unit 1\L1\Publish\G12_U1_L1_1.mp4","Grade 12","Unit 1","L1","Publish",,,,,,
"ICT_G12_U1_L3_RS_v1.0.mp4","Z:\Standard ICT\Digital Assets\Grade 12\Unit 1\L3\Published\ICT_G12_U1_L3_RS_v1.0.mp4","Grade 12\Unit 1\L3\Published\ICT_G12_U1_L3_RS_v1.0.mp4","Grade 12","Unit 1","L3","Published",,,,,,
"ICT_G12_U1_L4_sb_v1.0.mp4","Z:\Standard ICT\Digital Assets\Grade 12\Unit 1\L4\Published\ICT_G12_U1_L4_sb_v1.0.mp4","Grade 12\Unit 1\L4\Published\ICT_G12_U1_L4_sb_v1.0.mp4","Grade 12","Unit 1","L4","Published",,,,,,
"ICT G12 U1 L5 v.1.mp4","Z:\Standard ICT\Digital Assets\Grade 12\Unit 1\L5\Publish\ICT G12 U1 L5 v.1.mp4","Grade 12\Unit 1\L5\Publish\ICT G12 U1 L5 v.1.mp4","Grade 12","Unit 1","L5","Publish",,,,,,
"ICT G12 U1 L5 v.2.mp4","Z:\Standard ICT\Digital Assets\Grade 12\Unit 1\L5\Publish\ICT G12 U1 L5 v.2.mp4","Grade 12\Unit 1\L5\Publish\ICT G12 U1 L5 v.2.mp4","Grade 12","Unit 1","L5","Publish",,,,,,
"Installation of Python.mp4","Z:\Standard ICT\Digital Assets\Grade 6\Unit 1\L1\Installation of Python\Published\Installation of Python.mp4","Grade 6\Unit 1\L1\Installation of Python\Published\Installation of Python.mp4","Grade 6","Unit 1","L1","Installation of Python","Published",,,,,
"Introduction to Python and It's key features.mp4","Z:\Standard ICT\Digital Assets\Grade 6\Unit 1\L1\Introduction to Python and It's  Key Features\Published\Introduction to Python and It's key features.mp4","Grade 6\Unit 1\L1\Introduction to Python and It's  Key Features\Published\Introduction to Python and It's key features.mp4","Grade 6","Unit 1","L1","Introduction to Python and It's  Key Features","Published",,,,,
"Introduction to Variables.mp4","Z:\Standard ICT\Digital Assets\Grade 6\Unit 1\L2\Introduction to Variables\Published\Introduction to Variables.mp4","Grade 6\Unit 1\L2\Introduction to Variables\Published\Introduction to Variables.mp4","Grade 6","Unit 1","L2","Introduction to Variables","Published",,,,,
"Basic Arithmetic Operations in Python.mp4","Z:\Standard ICT\Digital Assets\Grade 6\Unit 1\L3\Basic Arithmetic in Python\Published\Basic Arithmetic Operations in Python.mp4","Grade 6\Unit 1\L3\Basic Arithmetic in Python\Published\Basic Arithmetic Operations in Python.mp4","Grade 6","Unit 1","L3","Basic Arithmetic in Python","Published",,,,,
"Loops_in_Python.mp4","Z:\Standard ICT\Digital Assets\Grade 6\Unit 1\L4\Loops in python folder\Loops in python folder\Published\Loops_in_Python.mp4","Grade 6\Unit 1\L4\Loops in python folder\Loops in python folder\Published\Loops_in_Python.mp4","Grade 6","Unit 1","L4","Loops in python folder","Loops in python folder","Published",,,,
"Iist in Python.mp4","Z:\Standard ICT\Digital Assets\Grade 6\Unit 1\L4\Lsit in Python folder\Lsit in Python folder\Published\Iist in Python.mp4","Grade 6\Unit 1\L4\Lsit in Python folder\Lsit in Python folder\Published\Iist in Python.mp4","Grade 6","Unit 1","L4","Lsit in Python folder","Lsit in Python folder","Published",,,,
"Understanding Conditional Statements.mp4","Z:\Standard ICT\Digital Assets\Grade 6\Unit 1\L5\Understanding Conditional Statements\Published\Understanding Conditional Statements.mp4","Grade 6\Unit 1\L5\Understanding Conditional Statements\Published\Understanding Conditional Statements.mp4","Grade 6","Unit 1","L5","Understanding Conditional Statements","Published",,,,,
"Understanding_Functions_in Python.mp4","Z:\Standard ICT\Digital Assets\Grade 6\Unit 1\L6\UNDERSTANDING_FUNCTION\UNDERSTANDING_FUNCTION\Published\Understanding_Functions_in Python.mp4","Grade 6\Unit 1\L6\UNDERSTANDING_FUNCTION\UNDERSTANDING_FUNCTION\Published\Understanding_Functions_in Python.mp4","Grade 6","Unit 1","L6","UNDERSTANDING_FUNCTION","UNDERSTANDING_FUNCTION","Published",,,,
"Understanding_Function_in Python.mp4","Z:\Standard ICT\Digital Assets\Grade 6\Unit 1\L6\UNDERSTANDING_FUNCTION\UNDERSTANDING_FUNCTION\Published\Understanding_Function_in Python.mp4","Grade 6\Unit 1\L6\UNDERSTANDING_FUNCTION\UNDERSTANDING_FUNCTION\Published\Understanding_Function_in Python.mp4","Grade 6","Unit 1","L6","UNDERSTANDING_FUNCTION","UNDERSTANDING_FUNCTION","Published",,,,
"Building Program and Debugging.mp4","Z:\Standard ICT\Digital Assets\Grade 6\Unit 1\L7\Building Program and Debugging\Published\Building Program and Debugging.mp4","Grade 6\Unit 1\L7\Building Program and Debugging\Published\Building Program and Debugging.mp4","Grade 6","Unit 1","L7","Building Program and Debugging","Published",,,,,
"Understanding UI_GOOD & BAD EXAMPLES.mp4","Z:\Standard ICT\Digital Assets\Grade 6\Unit 2\L1\Exploring UI Design Good and Bad Examples with YouTube\Exploring UI Design Good and Bad Examples with YouTube\Published\Understanding UI_GOOD & BAD EXAMPLES.mp4","Grade 6\Unit 2\L1\Exploring UI Design Good and Bad Examples with YouTube\Exploring UI Design Good and Bad Examples with YouTube\Published\Understanding UI_GOOD & BAD EXAMPLES.mp4","Grade 6","Unit 2","L1","Exploring UI Design Good and Bad Examples with YouTube","Exploring UI Design Good and Bad Examples with YouTube","Published",,,,
"Difference between UI and UX.mp4","Z:\Standard ICT\Digital Assets\Grade 6\Unit 2\L2\Difference Between UX and UI_Folder\Difference Between UX and UI_Folder\Published\Difference between UI and UX.mp4","Grade 6\Unit 2\L2\Difference Between UX and UI_Folder\Difference Between UX and UI_Folder\Published\Difference between UI and UX.mp4","Grade 6","Unit 2","L2","Difference Between UX and UI_Folder","Difference Between UX and UI_Folder","Published",,,,
"Introduction to Wireframing.mp4","Z:\Standard ICT\Digital Assets\Grade 6\Unit 2\L3\Introction to Wireframe\Introction to Wireframe\Published\Introduction to Wireframing.mp4","Grade 6\Unit 2\L3\Introction to Wireframe\Introction to Wireframe\Published\Introduction to Wireframing.mp4","Grade 6","Unit 2","L3","Introction to Wireframe","Introction to Wireframe","Published",,,,
"Designing User-Friendly Interactive Elements.mp4","Z:\Standard ICT\Digital Assets\Grade 6\Unit 2\L4\Designing User-Friendly Interactive Elements folder\Designing User-Friendly Interactive Elements folder\Published\Designing User-Friendly Interactive Elements.mp4","Grade 6\Unit 2\L4\Designing User-Friendly Interactive Elements folder\Designing User-Friendly Interactive Elements folder\Published\Designing User-Friendly Interactive Elements.mp4","Grade 6","Unit 2","L4","Designing User-Friendly Interactive Elements folder","Designing User-Friendly Interactive Elements folder","Published",,,,
"Foundations of Effective Interactive Design.mp4","Z:\Standard ICT\Digital Assets\Grade 6\Unit 2\L4\Foundations of Effective Interactive Design\Foundations of Effective Interactive Design\Published\Foundations of Effective Interactive Design.mp4","Grade 6\Unit 2\L4\Foundations of Effective Interactive Design\Foundations of Effective Interactive Design\Published\Foundations of Effective Interactive Design.mp4","Grade 6","Unit 2","L4","Foundations of Effective Interactive Design","Foundations of Effective Interactive Design","Published",,,,
"Improving Projects Through Feedback.mp4","Z:\Standard ICT\Digital Assets\Grade 6\Unit 2\L5\Improving Projects Through Feedback folder\Improving Projects Through Feedback folder\Published\Improving Projects Through Feedback.mp4","Grade 6\Unit 2\L5\Improving Projects Through Feedback folder\Improving Projects Through Feedback folder\Published\Improving Projects Through Feedback.mp4","Grade 6","Unit 2","L5","Improving Projects Through Feedback folder","Improving Projects Through Feedback folder","Published",,,,
"Basic Structure of an HTML Document and common tags.mp4","Z:\Standard ICT\Digital Assets\Grade 6\Unit 3\L1\Basic Structure of an HTML Document and common tags\Basic Structure of an HTML Document and common tags\Published\Basic Structure of an HTML Document and common tags.mp4","Grade 6\Unit 3\L1\Basic Structure of an HTML Document and common tags\Basic Structure of an HTML Document and common tags\Published\Basic Structure of an HTML Document and common tags.mp4","Grade 6","Unit 3","L1","Basic Structure of an HTML Document and common tags","Basic Structure of an HTML Document and common tags","Published",,,,
"Adding Lists and Tables to Webpage.mp4","Z:\Standard ICT\Digital Assets\Grade 6\Unit 3\L2\Adding list and table to webpage\Adding list and table to webpage\Published\Adding Lists and Tables to Webpage.mp4","Grade 6\Unit 3\L2\Adding list and table to webpage\Adding list and table to webpage\Published\Adding Lists and Tables to Webpage.mp4","Grade 6","Unit 3","L2","Adding list and table to webpage","Adding list and table to webpage","Published",,,,
"Embedding Image and video to the webpage.mp4","Z:\Standard ICT\Digital Assets\Grade 6\Unit 3\L2\Embedding Image and video to webpage\Embedding Image and video to webpage\Published\Embedding Image and video to the webpage.mp4","Grade 6\Unit 3\L2\Embedding Image and video to webpage\Embedding Image and video to webpage\Published\Embedding Image and video to the webpage.mp4","Grade 6","Unit 3","L2","Embedding Image and video to webpage","Embedding Image and video to webpage","Published",,,,
"Introduction to CSS.mp4","Z:\Standard ICT\Digital Assets\Grade 6\Unit 3\L3\Introduction to CSS\Introduction to CSS\Published\Introduction to CSS.mp4","Grade 6\Unit 3\L3\Introduction to CSS\Introduction to CSS\Published\Introduction to CSS.mp4","Grade 6","Unit 3","L3","Introduction to CSS","Introduction to CSS","Published",,,,
"Type of CSS.mp4","Z:\Standard ICT\Digital Assets\Grade 6\Unit 3\L3\Types of CSS\Published\Type of CSS.mp4","Grade 6\Unit 3\L3\Types of CSS\Published\Type of CSS.mp4","Grade 6","Unit 3","L3","Types of CSS","Published",,,,,
"Understanding CSS Layout_1.mp4","Z:\Standard ICT\Digital Assets\Grade 6\Unit 3\L4\G6_U3_L_4\Published\Understanding CSS Layout_1.mp4","Grade 6\Unit 3\L4\G6_U3_L_4\Published\Understanding CSS Layout_1.mp4","Grade 6","Unit 3","L4","G6_U3_L_4","Published",,,,,
"ICT_G6_U3_L5_V1.mp4","Z:\Standard ICT\Digital Assets\Grade 6\Unit 3\L5\V1\Published\ICT_G6_U3_L5_V1.mp4","Grade 6\Unit 3\L5\V1\Published\ICT_G6_U3_L5_V1.mp4","Grade 6","Unit 3","L5","V1","Published",,,,,
"ICT_G6_U3_L5_V2.mp4","Z:\Standard ICT\Digital Assets\Grade 6\Unit 3\L5\V2\Published\ICT_G6_U3_L5_V2.mp4","Grade 6\Unit 3\L5\V2\Published\ICT_G6_U3_L5_V2.mp4","Grade 6","Unit 3","L5","V2","Published",,,,,
"Data Privacy and Protection.mp4","Z:\Standard ICT\Digital Assets\Grade 6\Unit 4\G6_U4_L1\Data Privacy and Protection_Folder\Data Privacy and Protection_Folder\Published\Data Privacy and Protection.mp4","Grade 6\Unit 4\G6_U4_L1\Data Privacy and Protection_Folder\Data Privacy and Protection_Folder\Published\Data Privacy and Protection.mp4","Grade 6","Unit 4","G6_U4_L1","Data Privacy and Protection_Folder","Data Privacy and Protection_Folder","Published",,,,
"Understanding Online Behavior.mp4","Z:\Standard ICT\Digital Assets\Grade 6\Unit 4\G6_U4_L2\Understanding Online Behavior\Publish\Understanding Online Behavior.mp4","Grade 6\Unit 4\G6_U4_L2\Understanding Online Behavior\Publish\Understanding Online Behavior.mp4","Grade 6","Unit 4","G6_U4_L2","Understanding Online Behavior","Publish",,,,,
"Undersatnding Digital Communication Etiquette.mp4","Z:\Standard ICT\Digital Assets\Grade 6\Unit 4\G6_U4_L3\Digital Communication Etiquette_Video2\Digital Communication Etiquette_Video2\Publish\Undersatnding Digital Communication Etiquette.mp4","Grade 6\Unit 4\G6_U4_L3\Digital Communication Etiquette_Video2\Digital Communication Etiquette_Video2\Publish\Undersatnding Digital Communication Etiquette.mp4","Grade 6","Unit 4","G6_U4_L3","Digital Communication Etiquette_Video2","Digital Communication Etiquette_Video2","Publish",,,,
"Understanding Cyberbullying.mp4","Z:\Standard ICT\Digital Assets\Grade 6\Unit 4\G6_U4_L3\Understanding_Cyberbullying_Video1_File\Understanding_Cyberbullying_Video1_File\Publish\Understanding Cyberbullying.mp4","Grade 6\Unit 4\G6_U4_L3\Understanding_Cyberbullying_Video1_File\Understanding_Cyberbullying_Video1_File\Publish\Understanding Cyberbullying.mp4","Grade 6","Unit 4","G6_U4_L3","Understanding_Cyberbullying_Video1_File","Understanding_Cyberbullying_Video1_File","Publish",,,,
"ICT_SB_G7_U1_L1_sb_v1.0.mp4","Z:\Standard ICT\Digital Assets\Grade 7\Unit 1\L1\Published\ICT_SB_G7_U1_L1_sb_v1.0.mp4","Grade 7\Unit 1\L1\Published\ICT_SB_G7_U1_L1_sb_v1.0.mp4","Grade 7","Unit 1","L1","Published",,,,,,
"ICT_SB_G7_U1_L2_sb_v1.0.mp4","Z:\Standard ICT\Digital Assets\Grade 7\Unit 1\L2\Published\ICT_SB_G7_U1_L2_sb_v1.0.mp4","Grade 7\Unit 1\L2\Published\ICT_SB_G7_U1_L2_sb_v1.0.mp4","Grade 7","Unit 1","L2","Published",,,,,,
"ICT_SB_G7_U1_L3_sb_v1.0.mp4","Z:\Standard ICT\Digital Assets\Grade 7\Unit 1\L3\Published\ICT_SB_G7_U1_L3_sb_v1.0.mp4","Grade 7\Unit 1\L3\Published\ICT_SB_G7_U1_L3_sb_v1.0.mp4","Grade 7","Unit 1","L3","Published",,,,,,
"ICT_SB_G7_U1_L4_sb_v1.0.mp4","Z:\Standard ICT\Digital Assets\Grade 7\Unit 1\L4\Published\ICT_SB_G7_U1_L4_sb_v1.0.mp4","Grade 7\Unit 1\L4\Published\ICT_SB_G7_U1_L4_sb_v1.0.mp4","Grade 7","Unit 1","L4","Published",,,,,,
"ICT_SB_G7_U1_L5_sb_v1.0.mp4","Z:\Standard ICT\Digital Assets\Grade 7\Unit 1\L5\Published\ICT_SB_G7_U1_L5_sb_v1.0.mp4","Grade 7\Unit 1\L5\Published\ICT_SB_G7_U1_L5_sb_v1.0.mp4","Grade 7","Unit 1","L5","Published",,,,,,
"ICT_SB_G7_U1_L6_sb_v1.0.mp4","Z:\Standard ICT\Digital Assets\Grade 7\Unit 1\L6\Published\ICT_SB_G7_U1_L6_sb_v1.0.mp4","Grade 7\Unit 1\L6\Published\ICT_SB_G7_U1_L6_sb_v1.0.mp4","Grade 7","Unit 1","L6","Published",,,,,,
"ICT_SB_G7_U1_L7_sb_v1.0.mp4","Z:\Standard ICT\Digital Assets\Grade 7\Unit 1\L7\Published\ICT_SB_G7_U1_L7_sb_v1.0.mp4","Grade 7\Unit 1\L7\Published\ICT_SB_G7_U1_L7_sb_v1.0.mp4","Grade 7","Unit 1","L7","Published",,,,,,
"Review of UI UX Basics Key Principles of User Experience Design.mp4","Z:\Standard ICT\Digital Assets\Grade 7\Unit 2\L1\Published\Review of UI UX Basics Key Principles of User Experience Design.mp4","Grade 7\Unit 2\L1\Published\Review of UI UX Basics Key Principles of User Experience Design.mp4","Grade 7","Unit 2","L1","Published",,,,,,
"ICT_G7_U2_L2 Designing for Different User Needs.mp4","Z:\Standard ICT\Digital Assets\Grade 7\Unit 2\L2\Published\ICT_G7_U2_L2 Designing for Different User Needs.mp4","Grade 7\Unit 2\L2\Published\ICT_G7_U2_L2 Designing for Different User Needs.mp4","Grade 7","Unit 2","L2","Published",,,,,,
"ICT SB G7 U2 L3.mp4","Z:\Standard ICT\Digital Assets\Grade 7\Unit 2\L3\Published\ICT SB G7 U2 L3.mp4","Grade 7\Unit 2\L3\Published\ICT SB G7 U2 L3.mp4","Grade 7","Unit 2","L3","Published",,,,,,
"ICT SB G7 U2 L4.mp4","Z:\Standard ICT\Digital Assets\Grade 7\Unit 2\L4\Published\ICT SB G7 U2 L4.mp4","Grade 7\Unit 2\L4\Published\ICT SB G7 U2 L4.mp4","Grade 7","Unit 2","L4","Published",,,,,,
"Usability Testing and Refinement.mp4","Z:\Standard ICT\Digital Assets\Grade 7\Unit 2\L5\Published\Usability Testing and Refinement.mp4","Grade 7\Unit 2\L5\Published\Usability Testing and Refinement.mp4","Grade 7","Unit 2","L5","Published",,,,,,
"ICT_G7_U3_L1_Introduction to JS_rs_v0-1.mp4","Z:\Standard ICT\Digital Assets\Grade 7\Unit 3\L1\V1\Published\ICT_G7_U3_L1_Introduction to JS_rs_v0-1.mp4","Grade 7\Unit 3\L1\V1\Published\ICT_G7_U3_L1_Introduction to JS_rs_v0-1.mp4","Grade 7","Unit 3","L1","V1","Published",,,,,
"ICT_G7_U3_L1_V2_Key JS Components_rs_v0-1.mp4","Z:\Standard ICT\Digital Assets\Grade 7\Unit 3\L1\V2\Published\ICT_G7_U3_L1_V2_Key JS Components_rs_v0-1.mp4","Grade 7\Unit 3\L1\V2\Published\ICT_G7_U3_L1_V2_Key JS Components_rs_v0-1.mp4","Grade 7","Unit 3","L1","V2","Published",,,,,
"ICT_G7_U3_L2_rs_v0-1-aep.mp4","Z:\Standard ICT\Digital Assets\Grade 7\Unit 3\L2\Published\ICT_G7_U3_L2_rs_v0-1-aep.mp4","Grade 7\Unit 3\L2\Published\ICT_G7_U3_L2_rs_v0-1-aep.mp4","Grade 7","Unit 3","L2","Published",,,,,,
"ICT_G7_U3_L2_rs_v0-1.mp4","Z:\Standard ICT\Digital Assets\Grade 7\Unit 3\L3\Published\ICT_G7_U3_L2_rs_v0-1.mp4","Grade 7\Unit 3\L3\Published\ICT_G7_U3_L2_rs_v0-1.mp4","Grade 7","Unit 3","L3","Published",,,,,,
"ICT_SB_G7_U3_L5_sb_v1.0.mp4","Z:\Standard ICT\Digital Assets\Grade 7\Unit 3\L5\Published\ICT_SB_G7_U3_L5_sb_v1.0.mp4","Grade 7\Unit 3\L5\Published\ICT_SB_G7_U3_L5_sb_v1.0.mp4","Grade 7","Unit 3","L5","Published",,,,,,
"ICT SB G7 U4 L1.mp4","Z:\Standard ICT\Digital Assets\Grade 7\Unit 4\L1\Published\ICT SB G7 U4 L1.mp4","Grade 7\Unit 4\L1\Published\ICT SB G7 U4 L1.mp4","Grade 7","Unit 4","L1","Published",,,,,,
"Types of Networks.mp4","Z:\Standard ICT\Digital Assets\Grade 7\Unit 4\L2\Published\Types of Networks.mp4","Grade 7\Unit 4\L2\Published\Types of Networks.mp4","Grade 7","Unit 4","L2","Published",,,,,,
"Network hardware.mp4","Z:\Standard ICT\Digital Assets\Grade 7\Unit 4\L3\Published\Network hardware.mp4","Grade 7\Unit 4\L3\Published\Network hardware.mp4","Grade 7","Unit 4","L3","Published",,,,,,
"Introduction to IP Addresses and DNS..mp4","Z:\Standard ICT\Digital Assets\Grade 7\Unit 4\L4\Published\Introduction to IP Addresses and DNS..mp4","Grade 7\Unit 4\L4\Published\Introduction to IP Addresses and DNS..mp4","Grade 7","Unit 4","L4","Published",,,,,,
"Basic Network Configuration.mp4","Z:\Standard ICT\Digital Assets\Grade 7\Unit 4\L5\Published\Basic Network Configuration.mp4","Grade 7\Unit 4\L5\Published\Basic Network Configuration.mp4","Grade 7","Unit 4","L5","Published",,,,,,
"ICT_G7_U5_L1_SB_v1.0.mp4","Z:\Standard ICT\Digital Assets\Grade 7\Unit 5\L1\Data Privacy and Protection\Publish\ICT_G7_U5_L1_SB_v1.0.mp4","Grade 7\Unit 5\L1\Data Privacy and Protection\Publish\ICT_G7_U5_L1_SB_v1.0.mp4","Grade 7","Unit 5","L1","Data Privacy and Protection","Publish",,,,,
"ICT G7 U5 L2 without temp.mp4","Z:\Standard ICT\Digital Assets\Grade 7\Unit 5\l2\What is online safety practices\publish\ICT G7 U5 L2 without temp.mp4","Grade 7\Unit 5\l2\What is online safety practices\publish\ICT G7 U5 L2 without temp.mp4","Grade 7","Unit 5","l2","What is online safety practices","publish",,,,,
"ICT G7 U5 L2.mp4","Z:\Standard ICT\Digital Assets\Grade 7\Unit 5\l2\What is online safety practices\publish\ICT G7 U5 L2.mp4","Grade 7\Unit 5\l2\What is online safety practices\publish\ICT G7 U5 L2.mp4","Grade 7","Unit 5","l2","What is online safety practices","publish",,,,,
"ICT G7 U5 L3 v1.0.mp4","Z:\Standard ICT\Digital Assets\Grade 7\Unit 5\L3\Digital Citizenship and Responsible Online Behavior\publish\ICT G7 U5 L3 v1.0.mp4","Grade 7\Unit 5\L3\Digital Citizenship and Responsible Online Behavior\publish\ICT G7 U5 L3 v1.0.mp4","Grade 7","Unit 5","L3","Digital Citizenship and Responsible Online Behavior","publish",,,,,
"ICT_SB_G7_U5_L4_sb_v1.0.mp4","Z:\Standard ICT\Digital Assets\Grade 7\Unit 5\L4\Published\ICT_SB_G7_U5_L4_sb_v1.0.mp4","Grade 7\Unit 5\L4\Published\ICT_SB_G7_U5_L4_sb_v1.0.mp4","Grade 7","Unit 5","L4","Published",,,,,,
"ICT_G7_U5_L5_rs_v0-1-aep.mp4","Z:\Standard ICT\Digital Assets\Grade 7\Unit 5\L5\Published\ICT_G7_U5_L5_rs_v0-1-aep.mp4","Grade 7\Unit 5\L5\Published\ICT_G7_U5_L5_rs_v0-1-aep.mp4","Grade 7","Unit 5","L5","Published",,,,,,
"ICT_G8_U2_L1_rs_v1-0.mp4","Z:\Standard ICT\Digital Assets\Grade 8\Unit  2\Unit  2\L1\Published\ICT_G8_U2_L1_rs_v1-0.mp4","Grade 8\Unit  2\Unit  2\L1\Published\ICT_G8_U2_L1_rs_v1-0.mp4","Grade 8","Unit  2","Unit  2","L1","Published",,,,,
"ICT_G8_U2_L2_rs_v1-0.mp4","Z:\Standard ICT\Digital Assets\Grade 8\Unit  2\Unit  2\L2\Published\ICT_G8_U2_L2_rs_v1-0.mp4","Grade 8\Unit  2\Unit  2\L2\Published\ICT_G8_U2_L2_rs_v1-0.mp4","Grade 8","Unit  2","Unit  2","L2","Published",,,,,
"ICT_G8_U2_L3_rs_v1-0.mp4","Z:\Standard ICT\Digital Assets\Grade 8\Unit  2\Unit  2\L3\Published\ICT_G8_U2_L3_rs_v1-0.mp4","Grade 8\Unit  2\Unit  2\L3\Published\ICT_G8_U2_L3_rs_v1-0.mp4","Grade 8","Unit  2","Unit  2","L3","Published",,,,,
"ICT_G8_U2_L4_rs_v1-0.mp4","Z:\Standard ICT\Digital Assets\Grade 8\Unit  2\Unit  2\L4\Published\ICT_G8_U2_L4_rs_v1-0.mp4","Grade 8\Unit  2\Unit  2\L4\Published\ICT_G8_U2_L4_rs_v1-0.mp4","Grade 8","Unit  2","Unit  2","L4","Published",,,,,
"ICT_G8_U2_L5_rs_v1-0.mp4","Z:\Standard ICT\Digital Assets\Grade 8\Unit  2\Unit  2\L5\Published\ICT_G8_U2_L5_rs_v1-0.mp4","Grade 8\Unit  2\Unit  2\L5\Published\ICT_G8_U2_L5_rs_v1-0.mp4","Grade 8","Unit  2","Unit  2","L5","Published",,,,,
"ICT_G8_U2_L6_rs_v1-0.mp4","Z:\Standard ICT\Digital Assets\Grade 8\Unit  2\Unit  2\L6\L6\Published\ICT_G8_U2_L6_rs_v1-0.mp4","Grade 8\Unit  2\Unit  2\L6\L6\Published\ICT_G8_U2_L6_rs_v1-0.mp4","Grade 8","Unit  2","Unit  2","L6","L6","Published",,,,
"ICT_G8_U1_L1_sb_v1.0.mp4","Z:\Standard ICT\Digital Assets\Grade 8\Unit 1\L1\Review of Python Basics\Published\ICT_G8_U1_L1_sb_v1.0.mp4","Grade 8\Unit 1\L1\Review of Python Basics\Published\ICT_G8_U1_L1_sb_v1.0.mp4","Grade 8","Unit 1","L1","Review of Python Basics","Published",,,,,
"ICT_G8_U1_L2_sb_v1.0.mp4","Z:\Standard ICT\Digital Assets\Grade 8\Unit 1\L2\Advanced Functions - Parameters and Return Values\Published\ICT_G8_U1_L2_sb_v1.0.mp4","Grade 8\Unit 1\L2\Advanced Functions - Parameters and Return Values\Published\ICT_G8_U1_L2_sb_v1.0.mp4","Grade 8","Unit 1","L2","Advanced Functions - Parameters and Return Values","Published",,,,,
"Data Structures - Lists, Tuples, and Dictionaries.mp4","Z:\Standard ICT\Digital Assets\Grade 8\Unit 1\L3\Data Structures - Lists, Tuples, and Dictionaries\Published\Data Structures - Lists, Tuples, and Dictionaries.mp4","Grade 8\Unit 1\L3\Data Structures - Lists, Tuples, and Dictionaries\Published\Data Structures - Lists, Tuples, and Dictionaries.mp4","Grade 8","Unit 1","L3","Data Structures - Lists, Tuples, and Dictionaries","Published",,,,,
"ICT_G8_U1_L4_sb_v1.0.mp4","Z:\Standard ICT\Digital Assets\Grade 8\Unit 1\L4\File Handling in Python\Published\ICT_G8_U1_L4_sb_v1.0.mp4","Grade 8\Unit 1\L4\File Handling in Python\Published\ICT_G8_U1_L4_sb_v1.0.mp4","Grade 8","Unit 1","L4","File Handling in Python","Published",,,,,
"ICT_G8_U1_L5_sb_v1.0.mp4","Z:\Standard ICT\Digital Assets\Grade 8\Unit 1\L5\Exception Handling in Python\Published\ICT_G8_U1_L5_sb_v1.0.mp4","Grade 8\Unit 1\L5\Exception Handling in Python\Published\ICT_G8_U1_L5_sb_v1.0.mp4","Grade 8","Unit 1","L5","Exception Handling in Python","Published",,,,,
"ICT_G8_U1_L6_sb_v1.0.mp4","Z:\Standard ICT\Digital Assets\Grade 8\Unit 1\L6\Simple Projects Integrating Learned Concepts\Published\ICT_G8_U1_L6_sb_v1.0.mp4","Grade 8\Unit 1\L6\Simple Projects Integrating Learned Concepts\Published\ICT_G8_U1_L6_sb_v1.0.mp4","Grade 8","Unit 1","L6","Simple Projects Integrating Learned Concepts","Published",,,,,
"ICT_G8_U1_L7_sb_v1.0.mp4","Z:\Standard ICT\Digital Assets\Grade 8\Unit 1\L7\Debugging and Troubleshooting Python Code\Published\ICT_G8_U1_L7_sb_v1.0.mp4","Grade 8\Unit 1\L7\Debugging and Troubleshooting Python Code\Published\ICT_G8_U1_L7_sb_v1.0.mp4","Grade 8","Unit 1","L7","Debugging and Troubleshooting Python Code","Published",,,,,
"ICT_G8_U3_L1_sb_v1.0.mp4","Z:\Standard ICT\Digital Assets\Grade 8\Unit 3\L1\Overview of AI and Its Applications\Published\ICT_G8_U3_L1_sb_v1.0.mp4","Grade 8\Unit 3\L1\Overview of AI and Its Applications\Published\ICT_G8_U3_L1_sb_v1.0.mp4","Grade 8","Unit 3","L1","Overview of AI and Its Applications","Published",,,,,
"ICT_G8_U3_L2_sb_v1.0.mp4","Z:\Standard ICT\Digital Assets\Grade 8\Unit 3\L2\Machine Learning Basics\Published\ICT_G8_U3_L2_sb_v1.0.mp4","Grade 8\Unit 3\L2\Machine Learning Basics\Published\ICT_G8_U3_L2_sb_v1.0.mp4","Grade 8","Unit 3","L2","Machine Learning Basics","Published",,,,,
"ICT_G8_U3_L3_rs_v1.0.mp4","Z:\Standard ICT\Digital Assets\Grade 8\Unit 3\L3\ICT_G8_U3_L3_rs_v1.0 folder\Published\ICT_G8_U3_L3_rs_v1.0.mp4","Grade 8\Unit 3\L3\ICT_G8_U3_L3_rs_v1.0 folder\Published\ICT_G8_U3_L3_rs_v1.0.mp4","Grade 8","Unit 3","L3","ICT_G8_U3_L3_rs_v1.0 folder","Published",,,,,
"ICT_SB_G8_U3_L4_sb_v1.0.mp4","Z:\Standard ICT\Digital Assets\Grade 8\Unit 3\L4\Published\ICT_SB_G8_U3_L4_sb_v1.0.mp4","Grade 8\Unit 3\L4\Published\ICT_SB_G8_U3_L4_sb_v1.0.mp4","Grade 8","Unit 3","L4","Published",,,,,,
"ICT_SB_G8_U3_L5.mp4","Z:\Standard ICT\Digital Assets\Grade 8\Unit 3\L5\Published\ICT_SB_G8_U3_L5.mp4","Grade 8\Unit 3\L5\Published\ICT_SB_G8_U3_L5.mp4","Grade 8","Unit 3","L5","Published",,,,,,
"ICT_G8_U3_L6_SVB_v1.0.mp4","Z:\Standard ICT\Digital Assets\Grade 8\Unit 3\L6\Published\ICT_G8_U3_L6_SVB_v1.0.mp4","Grade 8\Unit 3\L6\Published\ICT_G8_U3_L6_SVB_v1.0.mp4","Grade 8","Unit 3","L6","Published",,,,,,
"ICT G8 U4 L1 SB V 1.0.mp4","Z:\Standard ICT\Digital Assets\Grade 8\Unit 4\L1\Introduction to Cloud Computing\PUBLISH\ICT G8 U4 L1 SB V 1.0.mp4","Grade 8\Unit 4\L1\Introduction to Cloud Computing\PUBLISH\ICT G8 U4 L1 SB V 1.0.mp4","Grade 8","Unit 4","L1","Introduction to Cloud Computing","PUBLISH",,,,,
"ICT_G8_U4_L2_SB_v1.0.mp4","Z:\Standard ICT\Digital Assets\Grade 8\Unit 4\L2\Cloud services IaaS, PaaS, and SaaS\PUBLISH\ICT_G8_U4_L2_SB_v1.0.mp4","Grade 8\Unit 4\L2\Cloud services IaaS, PaaS, and SaaS\PUBLISH\ICT_G8_U4_L2_SB_v1.0.mp4","Grade 8","Unit 4","L2","Cloud services IaaS, PaaS, and SaaS","PUBLISH",,,,,
"ICT_G8_U4_L3_v1_SB_v1.0.mp4","Z:\Standard ICT\Digital Assets\Grade 8\Unit 4\L3\video 1\settingup cloud environment\PUBLISH\ICT_G8_U4_L3_v1_SB_v1.0.mp4","Grade 8\Unit 4\L3\video 1\settingup cloud environment\PUBLISH\ICT_G8_U4_L3_v1_SB_v1.0.mp4","Grade 8","Unit 4","L3","video 1","settingup cloud environment","PUBLISH",,,,
"ICT_G8_U4_L3_v2_SB_v1.0.mp4","Z:\Standard ICT\Digital Assets\Grade 8\Unit 4\L3\video 2\PUBLISH\ICT_G8_U4_L3_v2_SB_v1.0.mp4","Grade 8\Unit 4\L3\video 2\PUBLISH\ICT_G8_U4_L3_v2_SB_v1.0.mp4","Grade 8","Unit 4","L3","video 2","PUBLISH",,,,,
"ICT_G8_U4_L4_v1.0.mp4","Z:\Standard ICT\Digital Assets\Grade 8\Unit 4\L4\PUBLISH\ICT_G8_U4_L4_v1.0.mp4","Grade 8\Unit 4\L4\PUBLISH\ICT_G8_U4_L4_v1.0.mp4","Grade 8","Unit 4","L4","PUBLISH",,,,,,
"ICT G8 U5 L1 SB v1.0.mp4","Z:\Standard ICT\Digital Assets\Grade 8\Unit 5\L1\Advance data privacy and protection\publish\ICT G8 U5 L1 SB v1.0.mp4","Grade 8\Unit 5\L1\Advance data privacy and protection\publish\ICT G8 U5 L1 SB v1.0.mp4","Grade 8","Unit 5","L1","Advance data privacy and protection","publish",,,,,
"Threat Detection and Mitigation.mp4","Z:\Standard ICT\Digital Assets\Grade 8\Unit 5\L2\ICT_G8_U5_L2_sj_v1.0\ICT_G8_U5_L2_sj_v1.0\Published\Threat Detection and Mitigation.mp4","Grade 8\Unit 5\L2\ICT_G8_U5_L2_sj_v1.0\ICT_G8_U5_L2_sj_v1.0\Published\Threat Detection and Mitigation.mp4","Grade 8","Unit 5","L2","ICT_G8_U5_L2_sj_v1.0","ICT_G8_U5_L2_sj_v1.0","Published",,,,
"ICT G8 U5 L3 final.mp4","Z:\Standard ICT\Digital Assets\Grade 8\Unit 5\L3\publish\ICT G8 U5 L3 final.mp4","Grade 8\Unit 5\L3\publish\ICT G8 U5 L3 final.mp4","Grade 8","Unit 5","L3","publish",,,,,,
"Digital Forensics.mp4","Z:\Standard ICT\Digital Assets\Grade 8\Unit 5\L4\Published\Digital Forensics.mp4","Grade 8\Unit 5\L4\Published\Digital Forensics.mp4","Grade 8","Unit 5","L4","Published",,,,,,
"ICT G8 U5 L5 ..mp4","Z:\Standard ICT\Digital Assets\Grade 8\Unit 5\L5\PUBLISH\ICT G8 U5 L5 ..mp4","Grade 8\Unit 5\L5\PUBLISH\ICT G8 U5 L5 ..mp4","Grade 8","Unit 5","L5","PUBLISH",,,,,,
"ICT G8 U5 L5.mp4","Z:\Standard ICT\Digital Assets\Grade 8\Unit 5\L5\PUBLISH\ICT G8 U5 L5.mp4","Grade 8\Unit 5\L5\PUBLISH\ICT G8 U5 L5.mp4","Grade 8","Unit 5","L5","PUBLISH",,,,,,
"ICT_G8_U3_L6_SVB_v1.0.mp4","Z:\Standard ICT\Digital Assets\Grade 8\Unit 5\L6\L6\Published\ICT_G8_U3_L6_SVB_v1.0.mp4","Grade 8\Unit 5\L6\L6\Published\ICT_G8_U3_L6_SVB_v1.0.mp4","Grade 8","Unit 5","L6","L6","Published",,,,,
"ICT_SB_ G8_U5_L7.mp4","Z:\Standard ICT\Digital Assets\Grade 8\Unit 5\L7\Publish\ICT_SB_ G8_U5_L7.mp4","Grade 8\Unit 5\L7\Publish\ICT_SB_ G8_U5_L7.mp4","Grade 8","Unit 5","L7","Publish",,,,,,
"Ethical Considerations in Technology.mp4","Z:\Standard ICT\Digital Assets\Grade 8\Unit 5\Lesson_6\Published\Ethical Considerations in Technology.mp4","Grade 8\Unit 5\Lesson_6\Published\Ethical Considerations in Technology.mp4","Grade 8","Unit 5","Lesson_6","Published",,,,,,
"ICT_SB_G9_U1_L1_sb_v1.0.mp4","Z:\Standard ICT\Digital Assets\Grade 9\Unit 1\L1\Published\ICT_SB_G9_U1_L1_sb_v1.0.mp4","Grade 9\Unit 1\L1\Published\ICT_SB_G9_U1_L1_sb_v1.0.mp4","Grade 9","Unit 1","L1","Published",,,,,,
"ICT_SB_G9_U3_L1_V2.mp4","Z:\Standard ICT\Digital Assets\Grade 9\Unit 1\L1\V2\Published\ICT_SB_G9_U3_L1_V2.mp4","Grade 9\Unit 1\L1\V2\Published\ICT_SB_G9_U3_L1_V2.mp4","Grade 9","Unit 1","L1","V2","Published",,,,,
"Defining Classes and Creating Objects.mp4","Z:\Standard ICT\Digital Assets\Grade 9\Unit 1\L2\Published\Defining Classes and Creating Objects.mp4","Grade 9\Unit 1\L2\Published\Defining Classes and Creating Objects.mp4","Grade 9","Unit 1","L2","Published",,,,,,
"ICT_G9_U1_L3_v1.0.mp4","Z:\Standard ICT\Digital Assets\Grade 9\Unit 1\L3\Published\ICT_G9_U1_L3_v1.0.mp4","Grade 9\Unit 1\L3\Published\ICT_G9_U1_L3_v1.0.mp4","Grade 9","Unit 1","L3","Published",,,,,,
"ICT_G9_U1_L4_v1.0.mp4","Z:\Standard ICT\Digital Assets\Grade 9\Unit 1\L4\Published\ICT_G9_U1_L4_v1.0.mp4","Grade 9\Unit 1\L4\Published\ICT_G9_U1_L4_v1.0.mp4","Grade 9","Unit 1","L4","Published",,,,,,
"G9 U1 L5.mp4","Z:\Standard ICT\Digital Assets\Grade 9\Unit 1\L5\Publish\G9 U1 L5.mp4","Grade 9\Unit 1\L5\Publish\G9 U1 L5.mp4","Grade 9","Unit 1","L5","Publish",,,,,,
"G9_U1_L6.mp4","Z:\Standard ICT\Digital Assets\Grade 9\Unit 1\L6\V1\Publish\G9_U1_L6.mp4","Grade 9\Unit 1\L6\V1\Publish\G9_U1_L6.mp4","Grade 9","Unit 1","L6","V1","Publish",,,,,
"ICT_G9_U1_L7_v1.0.mp4","Z:\Standard ICT\Digital Assets\Grade 9\Unit 1\L7\Published\ICT_G9_U1_L7_v1.0.mp4","Grade 9\Unit 1\L7\Published\ICT_G9_U1_L7_v1.0.mp4","Grade 9","Unit 1","L7","Published",,,,,,
"ICT_G9_U1_L7_v1.1.mp4","Z:\Standard ICT\Digital Assets\Grade 9\Unit 1\L7\Published\ICT_G9_U1_L7_v1.1.mp4","Grade 9\Unit 1\L7\Published\ICT_G9_U1_L7_v1.1.mp4","Grade 9","Unit 1","L7","Published",,,,,,
"G9_U2_L1.mp4","Z:\Standard ICT\Digital Assets\Grade 9\Unit 2\L1\V1\Publish\G9_U2_L1.mp4","Grade 9\Unit 2\L1\V1\Publish\G9_U2_L1.mp4","Grade 9","Unit 2","L1","V1","Publish",,,,,
"ICT_G9_U2_L2.mp4","Z:\Standard ICT\Digital Assets\Grade 9\Unit 2\L2\Published\ICT_G9_U2_L2.mp4","Grade 9\Unit 2\L2\Published\ICT_G9_U2_L2.mp4","Grade 9","Unit 2","L2","Published",,,,,,
"ICT_G9_U2_L3_v1.0.mp4","Z:\Standard ICT\Digital Assets\Grade 9\Unit 2\L3\Published\ICT_G9_U2_L3_v1.0.mp4","Grade 9\Unit 2\L3\Published\ICT_G9_U2_L3_v1.0.mp4","Grade 9","Unit 2","L3","Published",,,,,,
"Introduction to APIs and Data Fetching.mp4","Z:\Standard ICT\Digital Assets\Grade 9\Unit 2\L4\Published\Introduction to APIs and Data Fetching.mp4","Grade 9\Unit 2\L4\Published\Introduction to APIs and Data Fetching.mp4","Grade 9","Unit 2","L4","Published",,,,,,
"G9_U2_L5_2.mp4","Z:\Standard ICT\Digital Assets\Grade 9\Unit 2\L5\Publish\G9_U2_L5_2.mp4","Grade 9\Unit 2\L5\Publish\G9_U2_L5_2.mp4","Grade 9","Unit 2","L5","Publish",,,,,,
"ICT_SB_G9_U3_L1_sb_v1.0.mp4","Z:\Standard ICT\Digital Assets\Grade 9\Unit 3\L1\Published\ICT_SB_G9_U3_L1_sb_v1.0.mp4","Grade 9\Unit 3\L1\Published\ICT_SB_G9_U3_L1_sb_v1.0.mp4","Grade 9","Unit 3","L1","Published",,,,,,
"ICT_SB_G9_U3_L1_sb_v1.1.mp4","Z:\Standard ICT\Digital Assets\Grade 9\Unit 3\L1\Published\ICT_SB_G9_U3_L1_sb_v1.1.mp4","Grade 9\Unit 3\L1\Published\ICT_SB_G9_U3_L1_sb_v1.1.mp4","Grade 9","Unit 3","L1","Published",,,,,,
"ICT_G9_U3_L2_V1_rs_v1-0.mp4","Z:\Standard ICT\Digital Assets\Grade 9\Unit 3\L2\V1\V1\Published\ICT_G9_U3_L2_V1_rs_v1-0.mp4","Grade 9\Unit 3\L2\V1\V1\Published\ICT_G9_U3_L2_V1_rs_v1-0.mp4","Grade 9","Unit 3","L2","V1","V1","Published",,,,
"Connecting Arduino to Raspberry Pi.mp4","Z:\Standard ICT\Digital Assets\Grade 9\Unit 3\L2\V10\Published\Connecting Arduino to Raspberry Pi.mp4","Grade 9\Unit 3\L2\V10\Published\Connecting Arduino to Raspberry Pi.mp4","Grade 9","Unit 3","L2","V10","Published",,,,,
"ICT_G9_U3_L2_V11.mp4","Z:\Standard ICT\Digital Assets\Grade 9\Unit 3\L2\V11\Publish\ICT_G9_U3_L2_V11.mp4","Grade 9\Unit 3\L2\V11\Publish\ICT_G9_U3_L2_V11.mp4","Grade 9","Unit 3","L2","V11","Publish",,,,,
"ICT SB G9 U3 L2 V2.mp4","Z:\Standard ICT\Digital Assets\Grade 9\Unit 3\L2\V2\Published\ICT SB G9 U3 L2 V2.mp4","Grade 9\Unit 3\L2\V2\Published\ICT SB G9 U3 L2 V2.mp4","Grade 9","Unit 3","L2","V2","Published",,,,,
"ICT SB G9 U3 L2 V3 latest.mp4","Z:\Standard ICT\Digital Assets\Grade 9\Unit 3\L2\V3\Publish\ICT SB G9 U3 L2 V3 latest.mp4","Grade 9\Unit 3\L2\V3\Publish\ICT SB G9 U3 L2 V3 latest.mp4","Grade 9","Unit 3","L2","V3","Publish",,,,,
"ICT SB G9 U3 L2 V4.mp4","Z:\Standard ICT\Digital Assets\Grade 9\Unit 3\L2\V4\Publish\ICT SB G9 U3 L2 V4.mp4","Grade 9\Unit 3\L2\V4\Publish\ICT SB G9 U3 L2 V4.mp4","Grade 9","Unit 3","L2","V4","Publish",,,,,
"ICT SB G9 U3 L2 V5.mp4","Z:\Standard ICT\Digital Assets\Grade 9\Unit 3\L2\V5\Published\ICT SB G9 U3 L2 V5.mp4","Grade 9\Unit 3\L2\V5\Published\ICT SB G9 U3 L2 V5.mp4","Grade 9","Unit 3","L2","V5","Published",,,,,
"Raspberry Pi OS Installation and Setup.mp4","Z:\Standard ICT\Digital Assets\Grade 9\Unit 3\L2\V6\Raspberry Pi OS Installation and Setup\Published\Raspberry Pi OS Installation and Setup.mp4","Grade 9\Unit 3\L2\V6\Raspberry Pi OS Installation and Setup\Published\Raspberry Pi OS Installation and Setup.mp4","Grade 9","Unit 3","L2","V6","Raspberry Pi OS Installation and Setup","Published",,,,
"ICT_SB_G9_U3_L2_V7.mp4","Z:\Standard ICT\Digital Assets\Grade 9\Unit 3\L2\V7\PI OS Headless Setup\Published\ICT_SB_G9_U3_L2_V7.mp4","Grade 9\Unit 3\L2\V7\PI OS Headless Setup\Published\ICT_SB_G9_U3_L2_V7.mp4","Grade 9","Unit 3","L2","V7","PI OS Headless Setup","Published",,,,
"ICT_G9_U3_L2_V8_rs_v1-0.mp4","Z:\Standard ICT\Digital Assets\Grade 9\Unit 3\L2\V8\V8\Published\ICT_G9_U3_L2_V8_rs_v1-0.mp4","Grade 9\Unit 3\L2\V8\V8\Published\ICT_G9_U3_L2_V8_rs_v1-0.mp4","Grade 9","Unit 3","L2","V8","V8","Published",,,,
"Raspberry Pi LED blinking.mp4","Z:\Standard ICT\Digital Assets\Grade 9\Unit 3\L2\V9\Published\Raspberry Pi LED blinking.mp4","Grade 9\Unit 3\L2\V9\Published\Raspberry Pi LED blinking.mp4","Grade 9","Unit 3","L2","V9","Published",,,,,
"Light  Avoiding  Robot Car_SB_1.0.mp4","Z:\Standard ICT\Digital Assets\Grade 9\Unit 3\L3\Light Avoiding Robot Car\Combine\Publish\Light  Avoiding  Robot Car_SB_1.0.mp4","Grade 9\Unit 3\L3\Light Avoiding Robot Car\Combine\Publish\Light  Avoiding  Robot Car_SB_1.0.mp4","Grade 9","Unit 3","L3","Light Avoiding Robot Car","Combine","Publish",,,,
"Light  Avoiding  Robot Car_SB_1.1.mp4","Z:\Standard ICT\Digital Assets\Grade 9\Unit 3\L3\Light Avoiding Robot Car\Combine\Publish\Light  Avoiding  Robot Car_SB_1.1.mp4","Grade 9\Unit 3\L3\Light Avoiding Robot Car\Combine\Publish\Light  Avoiding  Robot Car_SB_1.1.mp4","Grade 9","Unit 3","L3","Light Avoiding Robot Car","Combine","Publish",,,,
"Light  Avoiding  intro_SB_1.0.mp4","Z:\Standard ICT\Digital Assets\Grade 9\Unit 3\L3\Light Avoiding Robot Car\V1\Publish\Light  Avoiding  intro_SB_1.0.mp4","Grade 9\Unit 3\L3\Light Avoiding Robot Car\V1\Publish\Light  Avoiding  intro_SB_1.0.mp4","Grade 9","Unit 3","L3","Light Avoiding Robot Car","V1","Publish",,,,
"Light  Avoiding  Robot Car_Principles_SB_1.0.mp4","Z:\Standard ICT\Digital Assets\Grade 9\Unit 3\L3\Light Avoiding Robot Car\V2\Publish\Light  Avoiding  Robot Car_Principles_SB_1.0.mp4","Grade 9\Unit 3\L3\Light Avoiding Robot Car\V2\Publish\Light  Avoiding  Robot Car_Principles_SB_1.0.mp4","Grade 9","Unit 3","L3","Light Avoiding Robot Car","V2","Publish",,,,
"Light  Avoiding  Robot Car_Core_Componants_SB_1.0.mp4","Z:\Standard ICT\Digital Assets\Grade 9\Unit 3\L3\Light Avoiding Robot Car\V3\Publish\Light  Avoiding  Robot Car_Core_Componants_SB_1.0.mp4","Grade 9\Unit 3\L3\Light Avoiding Robot Car\V3\Publish\Light  Avoiding  Robot Car_Core_Componants_SB_1.0.mp4","Grade 9","Unit 3","L3","Light Avoiding Robot Car","V3","Publish",,,,
"Building Light  Avoiding  Robot Car_SB_1.0.mp4","Z:\Standard ICT\Digital Assets\Grade 9\Unit 3\L3\Light Avoiding Robot Car\V4\Publish\Building Light  Avoiding  Robot Car_SB_1.0.mp4","Grade 9\Unit 3\L3\Light Avoiding Robot Car\V4\Publish\Building Light  Avoiding  Robot Car_SB_1.0.mp4","Grade 9","Unit 3","L3","Light Avoiding Robot Car","V4","Publish",,,,
"Light  Avoiding  Robot Car_Program_&_testing_SB_1.0.mp4","Z:\Standard ICT\Digital Assets\Grade 9\Unit 3\L3\Light Avoiding Robot Car\V5\Publish\Light  Avoiding  Robot Car_Program_&_testing_SB_1.0.mp4","Grade 9\Unit 3\L3\Light Avoiding Robot Car\V5\Publish\Light  Avoiding  Robot Car_Program_&_testing_SB_1.0.mp4","Grade 9","Unit 3","L3","Light Avoiding Robot Car","V5","Publish",,,,
"light seeking Robot with Arduino.mp4","Z:\Standard ICT\Digital Assets\Grade 9\Unit 3\L3\Light Seeking Robot Car\Combined\Light Seeking Robot\Publish\light seeking Robot with Arduino.mp4","Grade 9\Unit 3\L3\Light Seeking Robot Car\Combined\Light Seeking Robot\Publish\light seeking Robot with Arduino.mp4","Grade 9","Unit 3","L3","Light Seeking Robot Car","Combined","Light Seeking Robot","Publish",,,
"light seeking Robot with Arduino_SB_1.0.mp4","Z:\Standard ICT\Digital Assets\Grade 9\Unit 3\L3\Light Seeking Robot Car\Combined\Light Seeking Robot\Publish\light seeking Robot with Arduino_SB_1.0.mp4","Grade 9\Unit 3\L3\Light Seeking Robot Car\Combined\Light Seeking Robot\Publish\light seeking Robot with Arduino_SB_1.0.mp4","Grade 9","Unit 3","L3","Light Seeking Robot Car","Combined","Light Seeking Robot","Publish",,,
"LSR componants.mp4","Z:\Standard ICT\Digital Assets\Grade 9\Unit 3\L3\Light Seeking Robot Car\V1\Publish\LSR componants.mp4","Grade 9\Unit 3\L3\Light Seeking Robot Car\V1\Publish\LSR componants.mp4","Grade 9","Unit 3","L3","Light Seeking Robot Car","V1","Publish",,,,
"Principle behind LSR.mp4","Z:\Standard ICT\Digital Assets\Grade 9\Unit 3\L3\Light Seeking Robot Car\V2\Publish\Principle behind LSR.mp4","Grade 9\Unit 3\L3\Light Seeking Robot Car\V2\Publish\Principle behind LSR.mp4","Grade 9","Unit 3","L3","Light Seeking Robot Car","V2","Publish",,,,
"Core components of LSR.mp4","Z:\Standard ICT\Digital Assets\Grade 9\Unit 3\L3\Light Seeking Robot Car\V3\Publish\Core components of LSR.mp4","Grade 9\Unit 3\L3\Light Seeking Robot Car\V3\Publish\Core components of LSR.mp4","Grade 9","Unit 3","L3","Light Seeking Robot Car","V3","Publish",,,,
"Building a LSR.mp4","Z:\Standard ICT\Digital Assets\Grade 9\Unit 3\L3\Light Seeking Robot Car\V4\Publish\Building a LSR.mp4","Grade 9\Unit 3\L3\Light Seeking Robot Car\V4\Publish\Building a LSR.mp4","Grade 9","Unit 3","L3","Light Seeking Robot Car","V4","Publish",,,,
"Programming and Testing of LSR.mp4","Z:\Standard ICT\Digital Assets\Grade 9\Unit 3\L3\Light Seeking Robot Car\V5\Publish\Programming and Testing of LSR.mp4","Grade 9\Unit 3\L3\Light Seeking Robot Car\V5\Publish\Programming and Testing of LSR.mp4","Grade 9","Unit 3","L3","Light Seeking Robot Car","V5","Publish",,,,
"LFR using Arduino.mp4","Z:\Standard ICT\Digital Assets\Grade 9\Unit 3\L3\Line following\Combined\Publish\LFR using Arduino.mp4","Grade 9\Unit 3\L3\Line following\Combined\Publish\LFR using Arduino.mp4","Grade 9","Unit 3","L3","Line following","Combined","Publish",,,,
"LFR using Arduino_SB_1.0.mp4","Z:\Standard ICT\Digital Assets\Grade 9\Unit 3\L3\Line following\Combined\Publish\LFR using Arduino_SB_1.0.mp4","Grade 9\Unit 3\L3\Line following\Combined\Publish\LFR using Arduino_SB_1.0.mp4","Grade 9","Unit 3","L3","Line following","Combined","Publish",,,,
"LFR using Arduino_SB_1.1.mp4","Z:\Standard ICT\Digital Assets\Grade 9\Unit 3\L3\Line following\Combined\Publish\LFR using Arduino_SB_1.1.mp4","Grade 9\Unit 3\L3\Line following\Combined\Publish\LFR using Arduino_SB_1.1.mp4","Grade 9","Unit 3","L3","Line following","Combined","Publish",,,,
"LFR using Arduino.mp4","Z:\Standard ICT\Digital Assets\Grade 9\Unit 3\L3\Line following\V1\Publish\LFR using Arduino.mp4","Grade 9\Unit 3\L3\Line following\V1\Publish\LFR using Arduino.mp4","Grade 9","Unit 3","L3","Line following","V1","Publish",,,,
"Principle behind LFR.mp4","Z:\Standard ICT\Digital Assets\Grade 9\Unit 3\L3\Line following\V2\Publish\Principle behind LFR.mp4","Grade 9\Unit 3\L3\Line following\V2\Publish\Principle behind LFR.mp4","Grade 9","Unit 3","L3","Line following","V2","Publish",,,,
"Core componants of LFR.mp4","Z:\Standard ICT\Digital Assets\Grade 9\Unit 3\L3\Line following\V3\Publish\Core componants of LFR.mp4","Grade 9\Unit 3\L3\Line following\V3\Publish\Core componants of LFR.mp4","Grade 9","Unit 3","L3","Line following","V3","Publish",,,,
"LFR core componants_SB_1.1.mp4","Z:\Standard ICT\Digital Assets\Grade 9\Unit 3\L3\Line following\V3\Publish\LFR core componants_SB_1.1.mp4","Grade 9\Unit 3\L3\Line following\V3\Publish\LFR core componants_SB_1.1.mp4","Grade 9","Unit 3","L3","Line following","V3","Publish",,,,
"Buliding a LFR..mp4","Z:\Standard ICT\Digital Assets\Grade 9\Unit 3\L3\Line following\V4\Publish\Buliding a LFR..mp4","Grade 9\Unit 3\L3\Line following\V4\Publish\Buliding a LFR..mp4","Grade 9","Unit 3","L3","Line following","V4","Publish",,,,
"program & testing of LRF.mp4","Z:\Standard ICT\Digital Assets\Grade 9\Unit 3\L3\Line following\V5\Publish\program & testing of LRF.mp4","Grade 9\Unit 3\L3\Line following\V5\Publish\program & testing of LRF.mp4","Grade 9","Unit 3","L3","Line following","V5","Publish",,,,
"ODS using Arduino (combined)_SB_v1.0.mp4","Z:\Standard ICT\Digital Assets\Grade 9\Unit 3\L3\Obstacle detection\Combined\Publish\ODS using Arduino (combined)_SB_v1.0.mp4","Grade 9\Unit 3\L3\Obstacle detection\Combined\Publish\ODS using Arduino (combined)_SB_v1.0.mp4","Grade 9","Unit 3","L3","Obstacle detection","Combined","Publish",,,,
"ODS using Arduino (combined)_SB_v1.1.mp4","Z:\Standard ICT\Digital Assets\Grade 9\Unit 3\L3\Obstacle detection\Combined\Publish\ODS using Arduino (combined)_SB_v1.1.mp4","Grade 9\Unit 3\L3\Obstacle detection\Combined\Publish\ODS using Arduino (combined)_SB_v1.1.mp4","Grade 9","Unit 3","L3","Obstacle detection","Combined","Publish",,,,
"ODS using Arduino (combined)_SB_v1.2.mp4","Z:\Standard ICT\Digital Assets\Grade 9\Unit 3\L3\Obstacle detection\Combined\Publish\ODS using Arduino (combined)_SB_v1.2.mp4","Grade 9\Unit 3\L3\Obstacle detection\Combined\Publish\ODS using Arduino (combined)_SB_v1.2.mp4","Grade 9","Unit 3","L3","Obstacle detection","Combined","Publish",,,,
"ODS using Arduino (combined)_SB_v1.3.mp4","Z:\Standard ICT\Digital Assets\Grade 9\Unit 3\L3\Obstacle detection\Combined\Publish\ODS using Arduino (combined)_SB_v1.3.mp4","Grade 9\Unit 3\L3\Obstacle detection\Combined\Publish\ODS using Arduino (combined)_SB_v1.3.mp4","Grade 9","Unit 3","L3","Obstacle detection","Combined","Publish",,,,
"ODS using Arduino.mp4","Z:\Standard ICT\Digital Assets\Grade 9\Unit 3\L3\Obstacle detection\V1\Publish\ODS using Arduino.mp4","Grade 9\Unit 3\L3\Obstacle detection\V1\Publish\ODS using Arduino.mp4","Grade 9","Unit 3","L3","Obstacle detection","V1","Publish",,,,
"Principle behind ODS.mp4","Z:\Standard ICT\Digital Assets\Grade 9\Unit 3\L3\Obstacle detection\V2\Publish\Principle behind ODS.mp4","Grade 9\Unit 3\L3\Obstacle detection\V2\Publish\Principle behind ODS.mp4","Grade 9","Unit 3","L3","Obstacle detection","V2","Publish",,,,
"Principle behind ODS_SB_1.0.mp4","Z:\Standard ICT\Digital Assets\Grade 9\Unit 3\L3\Obstacle detection\V2\Publish\Principle behind ODS_SB_1.0.mp4","Grade 9\Unit 3\L3\Obstacle detection\V2\Publish\Principle behind ODS_SB_1.0.mp4","Grade 9","Unit 3","L3","Obstacle detection","V2","Publish",,,,
"Core componants of ODS.mp4","Z:\Standard ICT\Digital Assets\Grade 9\Unit 3\L3\Obstacle detection\V3\Publish\Core componants of ODS.mp4","Grade 9\Unit 3\L3\Obstacle detection\V3\Publish\Core componants of ODS.mp4","Grade 9","Unit 3","L3","Obstacle detection","V3","Publish",,,,
"Building ODS.mp4","Z:\Standard ICT\Digital Assets\Grade 9\Unit 3\L3\Obstacle detection\V4\Publish\Building ODS.mp4","Grade 9\Unit 3\L3\Obstacle detection\V4\Publish\Building ODS.mp4","Grade 9","Unit 3","L3","Obstacle detection","V4","Publish",,,,
"programming & testing ODS.mp4","Z:\Standard ICT\Digital Assets\Grade 9\Unit 3\L3\Obstacle detection\V5\Publish\programming & testing ODS.mp4","Grade 9\Unit 3\L3\Obstacle detection\V5\Publish\programming & testing ODS.mp4","Grade 9","Unit 3","L3","Obstacle detection","V5","Publish",,,,
"2WD smart car_SB_1.0.mp4","Z:\Standard ICT\Digital Assets\Grade 9\Unit 3\L4\2WD Smart Car\Combine\Publish\2WD smart car_SB_1.0.mp4","Grade 9\Unit 3\L4\2WD Smart Car\Combine\Publish\2WD smart car_SB_1.0.mp4","Grade 9","Unit 3","L4","2WD Smart Car","Combine","Publish",,,,
"2WD smart car_SB_1.1.mp4","Z:\Standard ICT\Digital Assets\Grade 9\Unit 3\L4\2WD Smart Car\Combine\Publish\2WD smart car_SB_1.1.mp4","Grade 9\Unit 3\L4\2WD Smart Car\Combine\Publish\2WD smart car_SB_1.1.mp4","Grade 9","Unit 3","L4","2WD Smart Car","Combine","Publish",,,,
"2WD smart car, intro_SB_1.0.mp4","Z:\Standard ICT\Digital Assets\Grade 9\Unit 3\L4\2WD Smart Car\V1\Publish\2WD smart car, intro_SB_1.0.mp4","Grade 9\Unit 3\L4\2WD Smart Car\V1\Publish\2WD smart car, intro_SB_1.0.mp4","Grade 9","Unit 3","L4","2WD Smart Car","V1","Publish",,,,
"2WD smart car principles & applications_SB_1.0.mp4","Z:\Standard ICT\Digital Assets\Grade 9\Unit 3\L4\2WD Smart Car\V2\Publish\2WD smart car principles & applications_SB_1.0.mp4","Grade 9\Unit 3\L4\2WD Smart Car\V2\Publish\2WD smart car principles & applications_SB_1.0.mp4","Grade 9","Unit 3","L4","2WD Smart Car","V2","Publish",,,,
"2WD smart car core componants_SB_1.0.mp4","Z:\Standard ICT\Digital Assets\Grade 9\Unit 3\L4\2WD Smart Car\V3\Publish\2WD smart car core componants_SB_1.0.mp4","Grade 9\Unit 3\L4\2WD Smart Car\V3\Publish\2WD smart car core componants_SB_1.0.mp4","Grade 9","Unit 3","L4","2WD Smart Car","V3","Publish",,,,
"Building 2WD smart car _SB_1.0.mp4","Z:\Standard ICT\Digital Assets\Grade 9\Unit 3\L4\2WD Smart Car\V4\Publish\Building 2WD smart car _SB_1.0.mp4","Grade 9\Unit 3\L4\2WD Smart Car\V4\Publish\Building 2WD smart car _SB_1.0.mp4","Grade 9","Unit 3","L4","2WD Smart Car","V4","Publish",,,,
"2WD smart car programming and testing _SB_1.0.mp4","Z:\Standard ICT\Digital Assets\Grade 9\Unit 3\L4\2WD Smart Car\V5\Publish\2WD smart car programming and testing _SB_1.0.mp4","Grade 9\Unit 3\L4\2WD Smart Car\V5\Publish\2WD smart car programming and testing _SB_1.0.mp4","Grade 9","Unit 3","L4","2WD Smart Car","V5","Publish",,,,
"Mechanical Arm DIY _SB_1.0.mp4","Z:\Standard ICT\Digital Assets\Grade 9\Unit 3\L4\Mechanical Arm DIY assembly\Combine\Publish\Mechanical Arm DIY _SB_1.0.mp4","Grade 9\Unit 3\L4\Mechanical Arm DIY assembly\Combine\Publish\Mechanical Arm DIY _SB_1.0.mp4","Grade 9","Unit 3","L4","Mechanical Arm DIY assembly","Combine","Publish",,,,
"Mechanical Arm DIY _SB_1.1.mp4","Z:\Standard ICT\Digital Assets\Grade 9\Unit 3\L4\Mechanical Arm DIY assembly\Combine\Publish\Mechanical Arm DIY _SB_1.1.mp4","Grade 9\Unit 3\L4\Mechanical Arm DIY assembly\Combine\Publish\Mechanical Arm DIY _SB_1.1.mp4","Grade 9","Unit 3","L4","Mechanical Arm DIY assembly","Combine","Publish",,,,
"Mechanical Arm DIY _intro_SB_1.0.mp4","Z:\Standard ICT\Digital Assets\Grade 9\Unit 3\L4\Mechanical Arm DIY assembly\V1\Publish\Mechanical Arm DIY _intro_SB_1.0.mp4","Grade 9\Unit 3\L4\Mechanical Arm DIY assembly\V1\Publish\Mechanical Arm DIY _intro_SB_1.0.mp4","Grade 9","Unit 3","L4","Mechanical Arm DIY assembly","V1","Publish",,,,
"Mechanical Arm DIY assembly_principals & applications_SB_1.0.mp4","Z:\Standard ICT\Digital Assets\Grade 9\Unit 3\L4\Mechanical Arm DIY assembly\V2\Publish\Mechanical Arm DIY assembly_principals & applications_SB_1.0.mp4","Grade 9\Unit 3\L4\Mechanical Arm DIY assembly\V2\Publish\Mechanical Arm DIY assembly_principals & applications_SB_1.0.mp4","Grade 9","Unit 3","L4","Mechanical Arm DIY assembly","V2","Publish",,,,
"Mechanical Arm DIY assembly_Core componants_SB_1.0.mp4","Z:\Standard ICT\Digital Assets\Grade 9\Unit 3\L4\Mechanical Arm DIY assembly\V3\Publish\Mechanical Arm DIY assembly_Core componants_SB_1.0.mp4","Grade 9\Unit 3\L4\Mechanical Arm DIY assembly\V3\Publish\Mechanical Arm DIY assembly_Core componants_SB_1.0.mp4","Grade 9","Unit 3","L4","Mechanical Arm DIY assembly","V3","Publish",,,,
"Mechanical Arm DIY _Assembly_SB_1.0.mp4","Z:\Standard ICT\Digital Assets\Grade 9\Unit 3\L4\Mechanical Arm DIY assembly\V4\Publish\Mechanical Arm DIY _Assembly_SB_1.0.mp4","Grade 9\Unit 3\L4\Mechanical Arm DIY assembly\V4\Publish\Mechanical Arm DIY _Assembly_SB_1.0.mp4","Grade 9","Unit 3","L4","Mechanical Arm DIY assembly","V4","Publish",,,,
"Mechanical Arm DIY _programming & testing_SB_1.0.mp4","Z:\Standard ICT\Digital Assets\Grade 9\Unit 3\L4\Mechanical Arm DIY assembly\V5\Publish\Mechanical Arm DIY _programming & testing_SB_1.0.mp4","Grade 9\Unit 3\L4\Mechanical Arm DIY assembly\V5\Publish\Mechanical Arm DIY _programming & testing_SB_1.0.mp4","Grade 9","Unit 3","L4","Mechanical Arm DIY assembly","V5","Publish",,,,
"Maze Solving Robot intro_SB_1.1.mp4","Z:\Standard ICT\Digital Assets\Grade 9\Unit 3\L5\Maze Navigation Robot\Combine\Publish\Maze Solving Robot intro_SB_1.1.mp4","Grade 9\Unit 3\L5\Maze Navigation Robot\Combine\Publish\Maze Solving Robot intro_SB_1.1.mp4","Grade 9","Unit 3","L5","Maze Navigation Robot","Combine","Publish",,,,
"Maze Solving Robot _SB_1.0.mp4","Z:\Standard ICT\Digital Assets\Grade 9\Unit 3\L5\Maze Navigation Robot\Combine\Publish\Maze Solving Robot _SB_1.0.mp4","Grade 9\Unit 3\L5\Maze Navigation Robot\Combine\Publish\Maze Solving Robot _SB_1.0.mp4","Grade 9","Unit 3","L5","Maze Navigation Robot","Combine","Publish",,,,
"Maze Solving Robot intro_SB_1.0.mp4","Z:\Standard ICT\Digital Assets\Grade 9\Unit 3\L5\Maze Navigation Robot\V1\Publish\Maze Solving Robot intro_SB_1.0.mp4","Grade 9\Unit 3\L5\Maze Navigation Robot\V1\Publish\Maze Solving Robot intro_SB_1.0.mp4","Grade 9","Unit 3","L5","Maze Navigation Robot","V1","Publish",,,,
"Maze Solving Robot principle & Applications_SB_1.0.mp4","Z:\Standard ICT\Digital Assets\Grade 9\Unit 3\L5\Maze Navigation Robot\V2\Publish\Maze Solving Robot principle & Applications_SB_1.0.mp4","Grade 9\Unit 3\L5\Maze Navigation Robot\V2\Publish\Maze Solving Robot principle & Applications_SB_1.0.mp4","Grade 9","Unit 3","L5","Maze Navigation Robot","V2","Publish",,,,
"Maze Solving Robot core componants_SB_1.0.mp4","Z:\Standard ICT\Digital Assets\Grade 9\Unit 3\L5\Maze Navigation Robot\V3\Publish\Maze Solving Robot core componants_SB_1.0.mp4","Grade 9\Unit 3\L5\Maze Navigation Robot\V3\Publish\Maze Solving Robot core componants_SB_1.0.mp4","Grade 9","Unit 3","L5","Maze Navigation Robot","V3","Publish",,,,
"Maze Solving Robot Assembly_SB_1.0.mp4","Z:\Standard ICT\Digital Assets\Grade 9\Unit 3\L5\Maze Navigation Robot\V4\Publish\Maze Solving Robot Assembly_SB_1.0.mp4","Grade 9\Unit 3\L5\Maze Navigation Robot\V4\Publish\Maze Solving Robot Assembly_SB_1.0.mp4","Grade 9","Unit 3","L5","Maze Navigation Robot","V4","Publish",,,,
"Maze Solving Robot program & test_SB_1.0.mp4","Z:\Standard ICT\Digital Assets\Grade 9\Unit 3\L5\Maze Navigation Robot\V5\Publish\Maze Solving Robot program & test_SB_1.0.mp4","Grade 9\Unit 3\L5\Maze Navigation Robot\V5\Publish\Maze Solving Robot program & test_SB_1.0.mp4","Grade 9","Unit 3","L5","Maze Navigation Robot","V5","Publish",,,,
"Obstacle Avoidance Robot Car full.mp4","Z:\Standard ICT\Digital Assets\Grade 9\Unit 3\L5\Obstacle avoidance\Combined\Published\Obstacle Avoidance Robot Car full.mp4","Grade 9\Unit 3\L5\Obstacle avoidance\Combined\Published\Obstacle Avoidance Robot Car full.mp4","Grade 9","Unit 3","L5","Obstacle avoidance","Combined","Published",,,,
"Obstacle Avoidance Robot Car full_SB_1.1.mp4","Z:\Standard ICT\Digital Assets\Grade 9\Unit 3\L5\Obstacle avoidance\Combined\Published\Obstacle Avoidance Robot Car full_SB_1.1.mp4","Grade 9\Unit 3\L5\Obstacle avoidance\Combined\Published\Obstacle Avoidance Robot Car full_SB_1.1.mp4","Grade 9","Unit 3","L5","Obstacle avoidance","Combined","Published",,,,
"Obstacle Avoidance Robot Car full_SB_1.2.mp4","Z:\Standard ICT\Digital Assets\Grade 9\Unit 3\L5\Obstacle avoidance\Combined\Published\Obstacle Avoidance Robot Car full_SB_1.2.mp4","Grade 9\Unit 3\L5\Obstacle avoidance\Combined\Published\Obstacle Avoidance Robot Car full_SB_1.2.mp4","Grade 9","Unit 3","L5","Obstacle avoidance","Combined","Published",,,,
"Obstacle Avoidance Robot Car full_SB_1.3.mp4","Z:\Standard ICT\Digital Assets\Grade 9\Unit 3\L5\Obstacle avoidance\Combined\Published\Obstacle Avoidance Robot Car full_SB_1.3.mp4","Grade 9\Unit 3\L5\Obstacle avoidance\Combined\Published\Obstacle Avoidance Robot Car full_SB_1.3.mp4","Grade 9","Unit 3","L5","Obstacle avoidance","Combined","Published",,,,
"Componants of OARC.mp4","Z:\Standard ICT\Digital Assets\Grade 9\Unit 3\L5\Obstacle avoidance\V1\Published\Componants of OARC.mp4","Grade 9\Unit 3\L5\Obstacle avoidance\V1\Published\Componants of OARC.mp4","Grade 9","Unit 3","L5","Obstacle avoidance","V1","Published",,,,
"Core componants of OARC.mp4","Z:\Standard ICT\Digital Assets\Grade 9\Unit 3\L5\Obstacle avoidance\V2\Published\Core componants of OARC.mp4","Grade 9\Unit 3\L5\Obstacle avoidance\V2\Published\Core componants of OARC.mp4","Grade 9","Unit 3","L5","Obstacle avoidance","V2","Published",,,,
"Principal behind OARC.mp4","Z:\Standard ICT\Digital Assets\Grade 9\Unit 3\L5\Obstacle avoidance\V3\Published\Principal behind OARC.mp4","Grade 9\Unit 3\L5\Obstacle avoidance\V3\Published\Principal behind OARC.mp4","Grade 9","Unit 3","L5","Obstacle avoidance","V3","Published",,,,
"Building OARC.mp4","Z:\Standard ICT\Digital Assets\Grade 9\Unit 3\L5\Obstacle avoidance\V4\Published\Building OARC.mp4","Grade 9\Unit 3\L5\Obstacle avoidance\V4\Published\Building OARC.mp4","Grade 9","Unit 3","L5","Obstacle avoidance","V4","Published",,,,
"Programming and Testing OARC.mp4","Z:\Standard ICT\Digital Assets\Grade 9\Unit 3\L5\Obstacle avoidance\V5\Published\Programming and Testing OARC.mp4","Grade 9\Unit 3\L5\Obstacle avoidance\V5\Published\Programming and Testing OARC.mp4","Grade 9","Unit 3","L5","Obstacle avoidance","V5","Published",,,,
"ICT_G9_U3_L6.0_SB_1.0.mp4","Z:\Standard ICT\Digital Assets\Grade 9\Unit 3\L6\How to Find ir remote button code\Publish\ICT_G9_U3_L6.0_SB_1.0.mp4","Grade 9\Unit 3\L6\How to Find ir remote button code\Publish\ICT_G9_U3_L6.0_SB_1.0.mp4","Grade 9","Unit 3","L6","How to Find ir remote button code","Publish",,,,,
"ICT_G9_U3_L6.0_SB_1.1.mp4","Z:\Standard ICT\Digital Assets\Grade 9\Unit 3\L6\How to Find ir remote button code\Publish\ICT_G9_U3_L6.0_SB_1.1.mp4","Grade 9\Unit 3\L6\How to Find ir remote button code\Publish\ICT_G9_U3_L6.0_SB_1.1.mp4","Grade 9","Unit 3","L6","How to Find ir remote button code","Publish",,,,,
"ICT_G9_U3_L6.3_SB_1.0.mp4","Z:\Standard ICT\Digital Assets\Grade 9\Unit 3\L6\Night-Timing Farming Support Robot\Publish\ICT_G9_U3_L6.3_SB_1.0.mp4","Grade 9\Unit 3\L6\Night-Timing Farming Support Robot\Publish\ICT_G9_U3_L6.3_SB_1.0.mp4","Grade 9","Unit 3","L6","Night-Timing Farming Support Robot","Publish",,,,,
"ICT_G9_U3_L6.3_SB_1.1.mp4","Z:\Standard ICT\Digital Assets\Grade 9\Unit 3\L6\Night-Timing Farming Support Robot\Publish\ICT_G9_U3_L6.3_SB_1.1.mp4","Grade 9\Unit 3\L6\Night-Timing Farming Support Robot\Publish\ICT_G9_U3_L6.3_SB_1.1.mp4","Grade 9","Unit 3","L6","Night-Timing Farming Support Robot","Publish",,,,,
"ICT_G9_U3_L6.2_SB_1.0.mp4","Z:\Standard ICT\Digital Assets\Grade 9\Unit 3\L6\Warehouse Robot\Publish\ICT_G9_U3_L6.2_SB_1.0.mp4","Grade 9\Unit 3\L6\Warehouse Robot\Publish\ICT_G9_U3_L6.2_SB_1.0.mp4","Grade 9","Unit 3","L6","Warehouse Robot","Publish",,,,,
"ICT_G9_U3_L6.2_SB_1.1.mp4","Z:\Standard ICT\Digital Assets\Grade 9\Unit 3\L6\Warehouse Robot\Publish\ICT_G9_U3_L6.2_SB_1.1.mp4","Grade 9\Unit 3\L6\Warehouse Robot\Publish\ICT_G9_U3_L6.2_SB_1.1.mp4","Grade 9","Unit 3","L6","Warehouse Robot","Publish",,,,,
"ICT_G9_U4_L1_v1.1.mp4","Z:\Standard ICT\Digital Assets\Grade 9\Unit 4\L1\Published\ICT_G9_U4_L1_v1.1.mp4","Grade 9\Unit 4\L1\Published\ICT_G9_U4_L1_v1.1.mp4","Grade 9","Unit 4","L1","Published",,,,,,
"Types of machine learning.mp4","Z:\Standard ICT\Digital Assets\Grade 9\Unit 4\L2\Published\Types of machine learning.mp4","Grade 9\Unit 4\L2\Published\Types of machine learning.mp4","Grade 9","Unit 4","L2","Published",,,,,,
"Types of machine learning_v1.2.mp4","Z:\Standard ICT\Digital Assets\Grade 9\Unit 4\L2\Published\Types of machine learning_v1.2.mp4","Grade 9\Unit 4\L2\Published\Types of machine learning_v1.2.mp4","Grade 9","Unit 4","L2","Published",,,,,,
"G9_U4_L3.mp4","Z:\Standard ICT\Digital Assets\Grade 9\Unit 4\L3\V1\Publish\G9_U4_L3.mp4","Grade 9\Unit 4\L3\V1\Publish\G9_U4_L3.mp4","Grade 9","Unit 4","L3","V1","Publish",,,,,
"ICT G9 U4 L4.mp4","Z:\Standard ICT\Digital Assets\Grade 9\Unit 4\L4\Publish\ICT G9 U4 L4.mp4","Grade 9\Unit 4\L4\Publish\ICT G9 U4 L4.mp4","Grade 9","Unit 4","L4","Publish",,,,,,
"Model evaluation and optimization.mp4","Z:\Standard ICT\Digital Assets\Grade 9\Unit 4\L5\Published\Model evaluation and optimization.mp4","Grade 9\Unit 4\L5\Published\Model evaluation and optimization.mp4","Grade 9","Unit 4","L5","Published",,,,,,
"ICT_G9_U4_L6_v1.0.mp4","Z:\Standard ICT\Digital Assets\Grade 9\Unit 4\L6\Published\ICT_G9_U4_L6_v1.0.mp4","Grade 9\Unit 4\L6\Published\ICT_G9_U4_L6_v1.0.mp4","Grade 9","Unit 4","L6","Published",,,,,,
"G9_U4_L7.mp4","Z:\Standard ICT\Digital Assets\Grade 9\Unit 4\L7\Publish\G9_U4_L7.mp4","Grade 9\Unit 4\L7\Publish\G9_U4_L7.mp4","Grade 9","Unit 4","L7","Publish",,,,,,
"G9_U4_L7_1.mp4","Z:\Standard ICT\Digital Assets\Grade 9\Unit 4\L7\Publish\G9_U4_L7_1.mp4","Grade 9\Unit 4\L7\Publish\G9_U4_L7_1.mp4","Grade 9","Unit 4","L7","Publish",,,,,,
"ICT_G9_U5_L1_hb_V1.0.mp4","Z:\Standard ICT\Digital Assets\Grade 9\Unit 5\L1\Published\ICT_G9_U5_L1_hb_V1.0.mp4","Grade 9\Unit 5\L1\Published\ICT_G9_U5_L1_hb_V1.0.mp4","Grade 9","Unit 5","L1","Published",,,,,,
"ICT_G9_U5_L1_hb_V1.1.mp4","Z:\Standard ICT\Digital Assets\Grade 9\Unit 5\L1\Published\ICT_G9_U5_L1_hb_V1.1.mp4","Grade 9\Unit 5\L1\Published\ICT_G9_U5_L1_hb_V1.1.mp4","Grade 9","Unit 5","L1","Published",,,,,,
"ICT_G9_U5_L1_hb_V1.2.1.mp4","Z:\Standard ICT\Digital Assets\Grade 9\Unit 5\L1\Published\ICT_G9_U5_L1_hb_V1.2.1.mp4","Grade 9\Unit 5\L1\Published\ICT_G9_U5_L1_hb_V1.2.1.mp4","Grade 9","Unit 5","L1","Published",,,,,,
"ICT_G9_U5_L1_hb_V1.2.mp4","Z:\Standard ICT\Digital Assets\Grade 9\Unit 5\L1\Published\ICT_G9_U5_L1_hb_V1.2.mp4","Grade 9\Unit 5\L1\Published\ICT_G9_U5_L1_hb_V1.2.mp4","Grade 9","Unit 5","L1","Published",,,,,,
"ICT_G9_U5_L1_hb_V1.4.mp4","Z:\Standard ICT\Digital Assets\Grade 9\Unit 5\L1\Published\ICT_G9_U5_L1_hb_V1.4.mp4","Grade 9\Unit 5\L1\Published\ICT_G9_U5_L1_hb_V1.4.mp4","Grade 9","Unit 5","L1","Published",,,,,,
"Ethical issues in programming and software development.mp4","Z:\Standard ICT\Digital Assets\Grade 9\Unit 5\L1_v1.2\Published\Ethical issues in programming and software development.mp4","Grade 9\Unit 5\L1_v1.2\Published\Ethical issues in programming and software development.mp4","Grade 9","Unit 5","L1_v1.2","Published",,,,,,
"ICT SB G9 U5 L2.mp4","Z:\Standard ICT\Digital Assets\Grade 9\Unit 5\L2\Publish\ICT SB G9 U5 L2.mp4","Grade 9\Unit 5\L2\Publish\ICT SB G9 U5 L2.mp4","Grade 9","Unit 5","L2","Publish",,,,,,
"ICT G9 U5 L3.mp4","Z:\Standard ICT\Digital Assets\Grade 9\Unit 5\L3\Publish\ICT G9 U5 L3.mp4","Grade 9\Unit 5\L3\Publish\ICT G9 U5 L3.mp4","Grade 9","Unit 5","L3","Publish",,,,,,
"ICT G9 U5 L4.mp4","Z:\Standard ICT\Digital Assets\Grade 9\Unit 5\L4\Publish\ICT G9 U5 L4.mp4","Grade 9\Unit 5\L4\Publish\ICT G9 U5 L4.mp4","Grade 9","Unit 5","L4","Publish",,,,,,
"ICT G9 U5 L5 V1.mp4","Z:\Standard ICT\Digital Assets\Grade 9\Unit 5\L5\Publish\ICT G9 U5 L5 V1.mp4","Grade 9\Unit 5\L5\Publish\ICT G9 U5 L5 V1.mp4","Grade 9","Unit 5","L5","Publish",,,,,,
